question_id,concept,p_harder,difficulty_score
1,torch.argmin-argmax,0.059214,20
8,torch.random-threading,0.063364,30
12,torch.boolean-masking,0.184826,60
19,torch.dtype-astype,0.124971,45
23,torch.reshape-flatten,0.269532,75
24,torch.argmin-argmax,0.124225,45
26,torch.aggregations,0.114023,50
28,torch.aggregations,0.056775,30
36,torch.reshape-flatten,0.114905,50
37,torch.dot-matmul-patterns,0.034654,15
38,torch.argmin-argmax,0.049042,15
41,torch.constructors,0.208945,60
42,torch.random-samplers,0.079427,25
43,torch.elementwise-ops,0.154104,60
46,torch.reshape-flatten,0.161972,60
48,torch.constructors,0.463682,95
49,torch.elementwise-ops,0.085334,40
50,torch.constructors,0.055375,15
51,torch.dtype-astype,0.319011,80
52,torch.boolean-masking,0.044734,15
53,torch.ranges,0.128421,20
58,torch.sorting,0.201263,50
61,torch.argmin-argmax,0.176466,55
62,torch.aggregations,0.066957,35
63,torch.elementwise-ops,0.067293,35
64,torch.aggregations,0.227691,70
67,torch.elementwise-ops,0.078101,40
74,torch.slicing-views,0.135078,55
75,torch.slicing-views,0.091991,45
76,torch.slicing-views,0.116694,55
84,torch.stack-concat-interleave,0.083788,30
85,torch.boolean-masking,0.311293,80
87,torch.dtype-astype,0.500000,100
89,torch.stack-concat-interleave,0.223048,65
95,torch.dot-matmul-patterns,0.182406,60
98,torch.argmin-argmax,0.163468,55
103,tensor.stable-probabilities,0.084866,40
104,torch.random-threading,0.160552,60
107,torch.linalg-basics,0.081458,35
108,torch.axis-reductions,0.500000,100
111,torch.broadcasting-rules,0.053032,15
121,torch.dot-matmul-patterns,0.118548,50
135,torch.axis-reductions,0.439876,95
141,torch.dot-matmul-patterns,0.303116,80
144,torch.dot-matmul-patterns,0.056775,30
145,torch.boolean-masking,0.500000,100
146,torch.stack-concat-interleave,0.439385,95
151,torch.broadcasting-rules,0.163961,50
159,torch.stack-concat-interleave,0.287566,75
168,torch.argmin-argmax,0.500000,100
174,torch.axis-reductions,0.255842,70
189,torch.slicing-views,0.201954,70
192,torch.elementwise-ops,0.084721,40
202,torch.boolean-masking,0.449262,95
212,torch.constructors,0.088972,30
213,torch.constructors,0.150184,50
214,torch.ranges,0.500000,100
215,torch.dtype-astype,0.400735,90
219,torch.argmin-argmax,0.102325,40
220,torch.axis-reductions,0.127002,45
224,torch.tensor-model,0.103341,30
225,torch.constructors,0.091991,30
227,torch.constructors,0.071039,25
228,torch.constructors,0.081458,25
229,torch.ranges,0.145496,30
230,torch.dtype-astype,0.109022,40
231,torch.slicing-views,0.063364,40
232,torch.boolean-masking,0.063364,25
233,torch.slicing-views,0.108390,50
236,torch.boolean-masking,0.063364,25
238,torch.stack-concat-interleave,0.104048,35
239,torch.linalg-basics,0.060322,25
242,torch.ranges,0.376643,80
313,einops.patches-space-depth,0.285765,25
314,einops.merge-axes,0.219709,35
315,einops.split-axes,0.142857,45
316,einops.channel-groups-temporal,0.381408,70
317,einops.repeat-model,0.079427,25
318,einops.grids-montage,0.324500,65
319,einops.pattern-language,0.168552,40
320,einops.split-axes,0.261276,70
321,einops.patches-space-depth,0.346058,50
322,einops.grids-montage,0.366322,75
323,einops.patches-space-depth,0.322428,40
324,einops.pooling,0.093932,30
325,einops.reduce-model,0.164985,30
326,einops.reduce-model,0.190342,35
327,einops.pattern-language,0.128496,30
328,einops.reduce-model,0.174418,30
329,einops.grids-montage,0.205820,35
330,einops.pattern-language,0.168552,40
331,einops.split-axes,0.500000,100
332,einops.reduce-model,0.566970,100
333,einops.singleton-and-lists,0.304108,60
334,einops.singleton-and-lists,0.500000,100
335,einops.pattern-language,0.117290,25
336,einops.pooling,0.500000,100
337,einops.split-axes,0.176466,55
338,einops.repeat-model,0.099554,30
339,einops.repeat-model,0.091991,30
340,einops.reduce-model,0.500000,100
341,einops.repeat-model,0.130000,40
342,einops.merge-axes,0.179579,25
343,einops.patches-space-depth,0.322428,40
344,einops.pattern-language,0.154104,40
345,einops.pattern-language,0.143116,35
346,einops.merge-axes,0.187092,25
347,einops.merge-axes,0.202119,30
348,einops.repeat-model,0.119639,35
349,einops.dl-flatten-heads,0.073605,15
350,einops.patches-space-depth,0.339862,45
351,einops.repeat-model,0.093932,30
352,einops.repeat-model,0.160000,50
353,einops.merge-axes,0.194683,30
354,einops.pooling,0.194562,55
355,einops.repeat-model,0.234074,65
356,einops.dl-flatten-heads,0.074634,15
357,einops.merge-axes,0.215692,35
358,einops.singleton-and-lists,0.294188,55
359,einops.channel-groups-temporal,0.340187,60
360,einops.singleton-and-lists,0.154104,15
361,einops.singleton-and-lists,0.236368,40
362,einops.channel-groups-temporal,0.489149,95
363,einops.pooling,0.098200,30
364,einops.grids-montage,0.180804,25
365,einops.singleton-and-lists,0.590860,100
367,einops.reduce-model,0.124971,15
368,einops.pooling,0.212909,60
369,einops.channel-groups-temporal,0.317189,55
370,einops.reduce-model,0.493582,100
371,einops.grids-montage,0.270692,50
372,einops.channel-groups-temporal,0.315667,50
373,einops.merge-axes,0.456013,90
374,einops.singleton-and-lists,0.460083,90
375,einops.channel-groups-temporal,0.342351,60
376,einops.singleton-and-lists,0.405784,80
377,einops.pooling,0.151714,45
378,einops.channel-groups-temporal,0.320120,55
379,einops.pattern-language,0.146656,35
380,einops.merge-axes,0.568700,100
381,einops.grids-montage,0.180672,25
382,einops.grids-montage,0.146669,15
383,einops.repeat-model,0.104048,30
384,einops.dl-flatten-heads,0.071039,15
385,einops.repeat-model,0.083788,25
388,einops.pattern-language,0.087902,15
389,einops.grids-montage,0.195194,30
390,einops.split-axes,0.102325,35
391,einops.merge-axes,0.154104,15
392,einops.merge-axes,0.255397,45
394,einops.dl-flatten-heads,0.093932,25
395,einops.patches-space-depth,0.494468,100
396,einops.dl-flatten-heads,0.142857,40
397,einops.channel-groups-temporal,0.201954,15
398,einops.patches-space-depth,0.324500,40
399,einops.reduce-model,0.362591,75
400,einops.merge-axes,0.500000,100
401,einops.patches-space-depth,0.381374,60
402,einops.reduce-model,0.614838,100
403,einops.patches-space-depth,0.261276,15
404,einops.patches-space-depth,0.376643,60
405,cnn.convolution-2d,0.020000,15
406,cnn.convolution-2d,0.020000,15
407,subtopic:CNN: Output shape & arithmetic,0.294188,15
408,cnn.convolution-2d,0.020000,15
409,cnn.convolution-2d,0.020000,15
410,subtopic:CNN: Output shape & arithmetic,0.500000,100
411,subtopic:CNN: Conv2d module mechanics,0.064821,35
412,subtopic:CNN: Conv2d module mechanics,0.030000,15
413,subtopic:CNN: Conv2d module mechanics,0.094882,45
414,subtopic:CNN: Conv2d module mechanics,0.110000,50
415,subtopic:CNN: Conv2d module mechanics,0.500000,100
416,cnn.convolution-2d,0.020000,15
417,"subtopic:CNN: Pooling, Flatten, BatchNorm",0.384821,55
418,cnn.pooling,0.020000,20
419,"subtopic:CNN: Pooling, Flatten, BatchNorm",0.294188,20
420,"subtopic:CNN: Pooling, Flatten, BatchNorm",0.500000,100
421,"subtopic:CNN: Pooling, Flatten, BatchNorm",0.482904,95
422,"subtopic:CNN: Pooling, Flatten, BatchNorm",0.287146,15
423,cnn.sequential,0.079427,40
424,subtopic:CNN: nn.Module & training loop,0.500000,100
425,cnn.training-loop,0.104895,50
426,subtopic:CNN: nn.Module & training loop,0.262524,15
427,subtopic:CNN: nn.Module & training loop,0.341032,45
428,subtopic:CNN: nn.Module & training loop,0.298073,30
429,subtopic:PyTorch Fundamentals: Reduction ops: amax,0.034654,15
430,subtopic:PyTorch Fundamentals: Reduction ops: amax,0.140000,55
431,subtopic:PyTorch Fundamentals: Reduction ops: amax,0.500000,100
432,subtopic:PyTorch Fundamentals: Weight Initialization (normal_ / constant_),0.114023,15
433,subtopic:PyTorch Fundamentals: Weight Initialization (normal_ / constant_),0.124594,20
434,subtopic:PyTorch Fundamentals: Weight Initialization (normal_ / constant_),0.500000,100
435,subtopic:Autograd: Chain Rule and Backward Functions,0.138796,20
436,subtopic:Autograd: Chain Rule and Backward Functions,0.122829,15
437,subtopic:Autograd: Chain Rule and Backward Functions,0.500000,100
438,subtopic:PyTorch Fundamentals: Cross-Entropy Loss on Logits,0.087967,15
439,subtopic:PyTorch Fundamentals: Cross-Entropy Loss on Logits,0.304423,70
440,subtopic:PyTorch Fundamentals: Cross-Entropy Loss on Logits,0.500000,100
441,subtopic:Optimizers: SGD update rule,0.054785,15
442,subtopic:Optimizers: SGD update rule,0.500000,100
443,subtopic:Optimizers: SGD update rule,0.179783,55
444,subtopic:Optimizers: Parameter iteration and iterator exhaustion,0.464190,90
445,subtopic:Optimizers: Parameter iteration and iterator exhaustion,0.500000,100
446,subtopic:Optimizers: Parameter iteration and iterator exhaustion,0.264095,15
447,"subtopic:CNNs: Hyperparameter normalization (int-or-tuple to (h,w) pair)",0.056775,15
448,"subtopic:CNNs: Hyperparameter normalization (int-or-tuple to (h,w) pair)",0.500000,100
449,"subtopic:CNNs: Hyperparameter normalization (int-or-tuple to (h,w) pair)",0.170327,50
450,"subtopic:Autograd: Matrix multiplication backward (dL/dX = dL/dM @ Y^T, dL/dY = X^T @ dL/dM)",0.209298,35
451,"subtopic:Autograd: Matrix multiplication backward (dL/dX = dL/dM @ Y^T, dL/dY = X^T @ dL/dM)",0.146656,15
452,"subtopic:Autograd: Matrix multiplication backward (dL/dX = dL/dM @ Y^T, dL/dY = X^T @ dL/dM)",0.500000,100
453,subtopic:PyTorch Fundamentals: BatchNorm variance: biased vs unbiased,0.053032,15
454,subtopic:PyTorch Fundamentals: BatchNorm variance: biased vs unbiased,0.081575,30
455,subtopic:PyTorch Fundamentals: BatchNorm variance: biased vs unbiased,0.500000,100
456,subtopic:Optimizers: EWMA running statistics (BatchNorm / Adam / RMSprop),0.053032,15
457,subtopic:Optimizers: EWMA running statistics (BatchNorm / Adam / RMSprop),0.500000,100
458,subtopic:Optimizers: EWMA running statistics (BatchNorm / Adam / RMSprop),0.157333,50
459,cnn.batch-normalization,0.070000,45
460,cnn.batch-normalization,0.024508,20
462,subtopic:CNNs: Padding for Max Pooling,0.500000,100
463,subtopic:CNNs: Padding for Max Pooling,0.129672,15
464,subtopic:CNNs: Padding for Max Pooling,0.494999,100
465,subtopic:Autograd: Broadcasting gradients (unbroadcast),0.334769,50
466,subtopic:Autograd: Broadcasting gradients (unbroadcast),0.500000,100
467,subtopic:Autograd: Broadcasting gradients (unbroadcast),0.233177,15
468,subtopic:PyTorch Fundamentals: nn.Module extra_repr,0.246606,40
469,subtopic:PyTorch Fundamentals: nn.Module extra_repr,0.174095,15
470,subtopic:PyTorch Fundamentals: nn.Module extra_repr,0.500000,100
471,subtopic:Autograd: Global grad-mode flag (torch.set_grad_enabled / no_grad),0.500000,100
472,subtopic:Autograd: Global grad-mode flag (torch.set_grad_enabled / no_grad),0.470500,60
473,subtopic:Autograd: Global grad-mode flag (torch.set_grad_enabled / no_grad),0.436899,15
474,subtopic:PyTorch Fundamentals: Autograd: .grad on leaf parameters,0.142857,15
475,subtopic:PyTorch Fundamentals: Autograd: .grad on leaf parameters,0.369044,75
476,subtopic:PyTorch Fundamentals: Autograd: .grad on leaf parameters,0.500000,100
477,subtopic:PyTorch Fundamentals: Freezing parameters with requires_grad_,0.326835,45
478,subtopic:PyTorch Fundamentals: Freezing parameters with requires_grad_,0.251652,15
479,subtopic:PyTorch Fundamentals: Freezing parameters with requires_grad_,0.500000,100
480,torch.tensor-model,0.372155,85
481,torch.tensor-model,0.092506,25
482,torch.tensor-model,0.208945,55
483,torch.tensor-model,0.114023,35
484,torch.tensor-model,0.201954,55
485,torch.tensor-model,0.278041,70
486,torch.tensor-model,0.310412,75
487,torch.elementwise-ops,0.031734,15
488,torch.elementwise-ops,0.049302,25
489,torch.elementwise-ops,0.083788,40
490,torch.reshape-flatten,0.079427,40
491,torch.reshape-flatten,0.069336,40
492,torch.reshape-flatten,0.109601,50
493,torch.reshape-flatten,0.098200,45
494,torch.reshape-flatten,0.274746,75
495,torch.aggregations,0.056775,30
496,torch.aggregations,0.067293,35
497,torch.aggregations,0.198408,65
498,torch.aggregations,0.220675,70
499,torch.broadcasting-rules,0.059214,20
500,torch.broadcasting-rules,0.134294,45
501,torch.broadcasting-rules,0.106327,35
502,torch.broadcasting-rules,0.190342,55
503,torch.axis-reductions,0.098200,40
504,torch.axis-reductions,0.157333,55
505,torch.axis-reductions,0.239580,70
506,torch.slicing-views,0.024508,15
507,torch.slicing-views,0.089498,45
508,torch.linalg-basics,0.038781,15
509,torch.linalg-basics,0.073605,35
510,torch.linalg-basics,0.042541,20
511,torch.linalg-basics,0.053032,25
512,torch.linalg-basics,0.212871,65
513,torch.linalg-basics,0.089498,40
514,torch.dot-matmul-patterns,0.059214,30
515,torch.dot-matmul-patterns,0.137266,55
516,torch.sorting,0.139520,30
517,torch.sorting,0.142857,30
518,torch.sorting,0.201029,50
519,torch.sorting,0.285047,65
520,torch.sorting,0.369464,80
521,torch.sorting,0.366322,80
522,torch.sorting,0.500000,100
523,torch.views-and-copies,0.500000,100
524,torch.ranges,0.271520,60
531,einops.grids-montage,0.500000,100
532,torch.tensor-model,0.117742,35
533,torch.tensor-model,0.141420,40
534,torch.tensor-model,0.232745,60
535,torch.views-and-copies,0.205312,45
536,torch.views-and-copies,0.171852,35
537,torch.tensor-model,0.135877,40
538,torch.tensor-model,0.124971,35
539,torch.tensor-model,0.243533,65
540,torch.tensor-model,0.164969,50
541,torch.tensor-model,0.081458,20
542,torch.tensor-model,0.067293,15
543,torch.tensor-model,0.108390,30
544,torch.tensor-model,0.114023,35
545,torch.tensor-model,0.190342,55
546,torch.tensor-model,0.124594,35
547,torch.tensor-model,0.157765,45
548,torch.tensor-model,0.121388,35
549,torch.tensor-model,0.417923,90
550,torch.tensor-model,0.272529,70
551,torch.tensor-model,0.278041,70
552,torch.transpose-axes,0.076092,20
553,torch.views-and-copies,0.202119,40
554,torch.tensor-model,0.190850,55
555,torch.tensor-model,0.186108,50
556,torch.tensor-model,0.247449,65
557,torch.tensor-model,0.234476,60
558,torch.transpose-axes,0.092610,30
559,torch.tensor-model,0.176146,50
560,torch.tensor-model,0.150184,45
561,torch.views-and-copies,0.117742,15
562,torch.tensor-model,0.353394,80
563,torch.tensor-model,0.220974,60
564,torch.tensor-model,0.246606,65
565,torch.views-and-copies,0.528501,100
566,torch.tensor-model,0.307097,75
567,torch.tensor-model,0.500000,100
568,python.values-and-names,0.040423,15
569,python.values-and-names,0.094061,40
570,python.values-and-names,0.078977,35
571,python.values-and-names,0.102608,40
572,python.values-and-names,0.247523,70
573,python.values-and-names,0.375361,85
574,python.types-and-conversion,0.042541,20
575,python.types-and-conversion,0.052408,25
576,python.types-and-conversion,0.136738,50
577,python.types-and-conversion,0.130392,50
578,python.types-and-conversion,0.127174,50
579,python.types-and-conversion,0.216780,65
580,python.lists-and-tuples,0.078977,30
581,python.lists-and-tuples,0.046028,15
582,python.lists-and-tuples,0.070094,30
583,python.lists-and-tuples,0.145483,50
584,python.lists-and-tuples,0.161390,55
585,python.lists-and-tuples,0.500000,100
586,python.indexing,0.040423,15
587,python.indexing,0.076092,35
588,python.indexing,0.186108,60
589,python.indexing,0.267327,75
590,python.indexing,0.299942,75
591,python.indexing,0.467882,95
592,python.calling-functions,0.034835,15
593,python.calling-functions,0.109022,45
594,python.calling-functions,0.189586,65
595,python.calling-functions,0.055375,25
596,python.calling-functions,0.299618,80
597,python.calling-functions,0.500000,100
598,python.defining-functions,0.049042,15
599,python.defining-functions,0.056775,20
600,python.defining-functions,0.088972,35
601,python.defining-functions,0.095949,35
602,python.defining-functions,0.197564,60
603,python.defining-functions,0.208945,60
604,python.dots-and-imports,0.081800,30
605,python.dots-and-imports,0.049302,15
606,python.dots-and-imports,0.105771,40
607,python.dots-and-imports,0.228537,65
608,python.dots-and-imports,0.295749,75
609,python.dots-and-imports,0.328903,80
610,torch.transpose-axes,0.060982,15
611,torch.transpose-axes,0.084568,25
612,torch.transpose-axes,0.146669,45
613,torch.transpose-axes,0.074313,20
614,torch.transpose-axes,0.259069,65
615,torch.transpose-axes,0.224264,60
616,torch.views-and-copies,0.150403,25
617,torch.views-and-copies,0.261616,55
618,torch.views-and-copies,0.235624,50
619,torch.reshape-flatten,0.079427,40
620,torch.reshape-flatten,0.089498,45
621,torch.reshape-flatten,0.243296,75
622,torch.reshape-flatten,0.164939,60
623,torch.reshape-flatten,0.124225,55
624,torch.reshape-flatten,0.174492,65
625,torch.reshape-flatten,0.154934,60
626,torch.reshape-flatten,0.198297,65
627,torch.reshape-flatten,0.339929,85
628,torch.reshape-flatten,0.344983,85
629,torch.reshape-flatten,0.264728,75
630,torch.elementwise-ops,0.095884,45
631,torch.elementwise-ops,0.117742,50
632,torch.elementwise-ops,0.066957,35
633,torch.elementwise-ops,0.168552,60
634,torch.elementwise-ops,0.139520,55
635,torch.elementwise-ops,0.211518,65
636,torch.elementwise-ops,0.357978,85
637,torch.elementwise-ops,0.205072,65
638,torch.elementwise-ops,0.494302,100
639,torch.constructors,0.066957,20
640,torch.constructors,0.074634,25
641,torch.constructors,0.220675,60
642,torch.constructors,0.097054,35
643,torch.constructors,0.124594,40
644,torch.constructors,0.183462,55
645,torch.constructors,0.197564,60
646,torch.constructors,0.259363,70
647,torch.constructors,0.369044,85
648,torch.constructors,0.500000,100
649,torch.dtype-astype,0.113899,40
650,torch.dtype-astype,0.441282,95
651,torch.dtype-astype,0.197901,60
652,torch.dtype-astype,0.224559,65
653,torch.dtype-astype,0.483621,100
654,torch.dtype-astype,0.468745,95
655,torch.dtype-astype,0.224559,65
656,torch.dtype-astype,0.272529,70
657,torch.dtype-astype,0.484307,100
658,torch.dtype-astype,0.472698,95
659,torch.dtype-astype,0.389910,85
660,torch.sorting,0.217188,50
661,torch.sorting,0.217449,50
662,torch.sorting,0.323404,70
663,torch.sorting,0.230410,55
664,torch.sorting,0.154104,35
665,torch.sorting,0.213397,50
666,torch.sorting,0.464256,95
667,torch.sorting,0.373725,80
668,torch.sorting,0.201954,50
669,torch.transpose-axes,0.070094,20
670,torch.transpose-axes,0.127174,40
671,torch.transpose-axes,0.111414,35
672,torch.transpose-axes,0.150403,45
673,torch.transpose-axes,0.157765,50
674,torch.transpose-axes,0.097054,30
675,torch.transpose-axes,0.500000,100
676,torch.random-samplers,0.060322,15
677,torch.random-samplers,0.153445,45
678,torch.random-samplers,0.091991,30
679,torch.random-samplers,0.088972,30
680,torch.random-samplers,0.286306,70
681,torch.random-samplers,0.146656,45
682,torch.random-samplers,0.095884,30
683,torch.random-samplers,0.106327,35
684,torch.random-samplers,0.271520,70
685,torch.random-samplers,0.500000,100
686,torch.random-samplers,0.184826,55
687,torch.random-threading,0.042541,20
688,torch.random-threading,0.063364,30
689,torch.random-threading,0.034835,15
690,torch.random-threading,0.067293,35
691,torch.random-threading,0.042541,20
692,torch.random-threading,0.073605,35
693,torch.random-threading,0.190941,65
694,torch.random-seeding,0.128421,25
695,torch.random-threading,0.247842,70
696,torch.random-seeding,0.099662,15
697,torch.random-seeding,0.201029,45
698,torch.random-seeding,0.128496,25
699,torch.random-seeding,0.146669,30
700,torch.random-seeding,0.179579,40
701,torch.random-seeding,0.190342,45
702,torch.random-seeding,0.116694,20
703,torch.random-seeding,0.146656,30
704,torch.random-seeding,0.494813,100
705,torch.random-seeding,0.473600,95
706,torch.random-seeding,0.500000,100
707,torch.random-threading,0.500000,100
708,python.values-and-names,0.097054,40
709,python.values-and-names,0.526972,100
710,python.values-and-names,0.234476,70
711,python.values-and-names,0.346814,85
712,python.values-and-names,0.500000,100
713,python.types-and-conversion,0.066957,30
714,python.types-and-conversion,0.087289,40
715,python.types-and-conversion,0.146656,55
716,python.types-and-conversion,0.172451,60
717,python.types-and-conversion,0.500000,100
718,python.values-and-names,0.081458,35
719,python.values-and-names,0.128496,50
720,python.values-and-names,0.118303,45
721,python.values-and-names,0.066957,30
722,python.values-and-names,0.105841,45
723,python.values-and-names,0.110449,45
724,python.values-and-names,0.084568,35
725,python.values-and-names,0.160552,55
726,python.values-and-names,0.145483,50
727,python.values-and-names,0.161390,55
728,python.values-and-names,0.236177,70
729,python.values-and-names,0.287617,75
730,python.values-and-names,0.367238,85
731,python.types-and-conversion,0.052408,25
732,python.types-and-conversion,0.056775,25
733,python.types-and-conversion,0.058227,25
734,python.types-and-conversion,0.037715,15
735,python.types-and-conversion,0.060322,30
736,python.types-and-conversion,0.097054,40
737,python.types-and-conversion,0.106933,45
738,python.types-and-conversion,0.081575,35
739,python.types-and-conversion,0.095949,40
740,python.types-and-conversion,0.291026,75
741,python.types-and-conversion,0.130392,50
742,python.types-and-conversion,0.105841,45
743,python.types-and-conversion,0.209513,65
744,python.lists-and-tuples,0.345645,80
745,python.lists-and-tuples,0.128496,45
746,python.lists-and-tuples,0.094061,35
747,python.lists-and-tuples,0.100000,40
748,python.lists-and-tuples,0.142154,50
749,python.lists-and-tuples,0.055375,20
750,python.lists-and-tuples,0.194683,60
751,python.lists-and-tuples,0.172451,55
752,python.lists-and-tuples,0.168727,55
753,python.lists-and-tuples,0.102608,40
754,python.lists-and-tuples,0.168552,55
755,python.lists-and-tuples,0.290731,75
756,python.lists-and-tuples,0.157765,55
757,python.lists-and-tuples,0.342285,80
758,python.lists-and-tuples,0.183393,60
759,python.lists-and-tuples,0.273926,75
760,python.lists-and-tuples,0.174095,55
761,python.lists-and-tuples,0.291855,75
762,python.indexing,0.161810,55
763,python.indexing,0.150403,55
764,python.indexing,0.068795,30
765,python.indexing,0.063707,30
766,python.indexing,0.105841,45
767,python.indexing,0.319043,80
768,python.indexing,0.194683,60
769,python.indexing,0.117290,45
770,python.indexing,0.115247,45
771,python.indexing,0.167352,55
772,python.indexing,0.153667,55
773,python.indexing,0.182624,60
774,python.indexing,0.172096,60
775,python.indexing,0.362711,85
776,python.indexing,0.240048,70
777,python.indexing,0.278856,75
778,python.indexing,0.500000,100
779,python.indexing,0.437199,95
780,python.calling-functions,0.034835,15
781,python.calling-functions,0.060982,30
782,python.calling-functions,0.052408,25
783,python.calling-functions,0.095949,45
784,python.calling-functions,0.049302,25
785,python.calling-functions,0.073135,35
786,python.calling-functions,0.448308,95
787,python.calling-functions,0.163961,60
788,python.calling-functions,0.117290,50
789,python.calling-functions,0.139875,55
790,python.calling-functions,0.139875,55
791,python.calling-functions,0.124324,50
792,python.calling-functions,0.081458,40
793,python.calling-functions,0.179815,60
794,python.calling-functions,0.177892,60
795,python.calling-functions,0.313664,80
796,python.calling-functions,0.437808,95
797,python.calling-functions,0.323404,80
798,torch.out-argument,0.063707,20
799,torch.out-argument,0.053032,15
800,torch.out-argument,0.114023,40
801,torch.out-argument,0.153338,50
802,torch.out-argument,0.277027,70
803,torch.out-argument,0.149501,50
804,torch.out-argument,0.102325,35
805,torch.out-argument,0.183685,55
806,torch.out-argument,0.223048,65
807,torch.out-argument,0.500000,100
808,torch.out-argument,0.444545,95
809,torch.slice-assignment,0.038781,15
810,torch.slice-assignment,0.064821,30
811,torch.slice-assignment,0.059214,25
812,torch.slice-assignment,0.063364,30
813,torch.slice-assignment,0.100000,40
814,torch.slice-assignment,0.143192,55
815,torch.slice-assignment,0.373364,85
816,torch.slice-assignment,0.064821,30
817,torch.slice-assignment,0.178028,60
818,torch.slice-assignment,0.099554,40
819,torch.slice-assignment,0.344570,85
820,raytracing.ray-parametrisation,0.034654,15
821,raytracing.ray-parametrisation,0.114144,50
822,raytracing.ray-parametrisation,0.042541,20
823,raytracing.ray-parametrisation,0.056775,30
824,raytracing.ray-parametrisation,0.113899,50
825,raytracing.ray-parametrisation,0.079427,35
826,raytracing.ray-parametrisation,0.079427,35
827,raytracing.ray-parametrisation,0.064821,30
828,raytracing.ray-parametrisation,0.113899,50
829,raytracing.ray-parametrisation,0.170327,60
830,raytracing.ray-parametrisation,0.500000,100
831,raytracing.make-rays-1d,0.073605,30
832,raytracing.make-rays-1d,0.074847,30
833,raytracing.make-rays-1d,0.069336,30
834,raytracing.make-rays-1d,0.044734,15
835,raytracing.make-rays-1d,0.119639,45
836,raytracing.make-rays-1d,0.114144,45
837,raytracing.make-rays-1d,0.074847,30
838,raytracing.make-rays-1d,0.109601,40
839,raytracing.make-rays-1d,0.500000,100
840,raytracing.make-rays-1d,0.394989,90
841,raytracing.make-rays-1d,0.089498,35
842,raytracing.make-rays-1d,0.054785,20
843,raytracing.make-rays-1d,0.089498,35
844,raytracing.make-rays-1d,0.104895,40
845,raytracing.make-rays-1d,0.114144,45
846,raytracing.make-rays-1d,0.090000,35
847,einops.einsum,0.067293,20
848,einops.einsum,0.071039,20
849,einops.einsum,0.163961,50
850,einops.einsum,0.278946,70
851,einops.einsum,0.110222,35
852,einops.einsum,0.120688,40
853,einops.einsum,0.269818,70
854,einops.einsum,0.311565,75
855,einops.einsum,0.081575,25
856,einops.einsum,0.139875,45
857,einops.einsum,0.364153,85
858,einops.einsum,0.135877,45
859,einops.einsum,0.161173,50
860,einops.einsum,0.141420,45
861,einops.einsum,0.262208,70
862,einops.einsum,0.500000,100
863,einops.einsum,0.321910,75
864,einops.einsum,0.091991,30
865,einops.einsum,0.228560,65
866,einops.einsum,0.153445,50
867,einops.einsum,0.141420,45
868,einops.einsum,0.102325,35
869,einops.einsum,0.106327,35
870,einops.einsum,0.153445,50
871,einops.einsum,0.270101,70
872,einops.einsum,0.309301,75
873,einops.einsum,0.250636,65
874,einops.einsum,0.168552,50
875,einops.einsum,0.326835,80
876,einops.einsum,0.376840,85
877,einops.einsum,0.477380,95
878,einops.einsum,0.403222,90
879,einops.einsum,0.056775,15
880,einops.einsum,0.091991,30
881,einops.einsum,0.124971,40
882,einops.einsum,0.155860,50
883,einops.einsum,0.120688,40
884,einops.einsum,0.114023,40
885,einops.einsum,0.135877,45
886,einops.einsum,0.314713,75
887,einops.einsum,0.197031,60
888,einops.einsum,0.430582,90
889,einops.merge-axes,0.234725,40
890,einops.merge-axes,0.274486,50
891,einops.merge-axes,0.339791,65
892,einops.merge-axes,0.309197,60
893,einops.repeat-model,0.079427,25
894,einops.repeat-model,0.093932,30
895,einops.repeat-model,0.063364,15
896,einops.repeat-model,0.064821,15
897,einops.repeat-model,0.279562,70
898,einops.repeat-model,0.264970,70
899,einops.repeat-model,0.239857,65
900,einops.repeat-model,0.149725,45
901,einops.repeat-model,0.104048,30
902,einops.repeat-model,0.099554,30
903,einops.repeat-model,0.093932,30
904,einops.repeat-model,0.129672,40
905,einops.merge-axes,0.451972,90
906,einops.merge-axes,0.337004,65
907,einops.merge-axes,0.281749,55
908,einops.merge-axes,0.464395,95
909,einops.grids-montage,0.249386,45
910,einops.grids-montage,0.271520,50
911,einops.grids-montage,0.157333,20
912,einops.grids-montage,0.417840,85
913,einops.pattern-language,0.154104,40
914,einops.pattern-language,0.103341,20
915,einops.pattern-language,0.110449,25
916,einops.pattern-language,0.139520,35
917,einops.pooling,0.099554,30
918,einops.pooling,0.104895,35
919,einops.pooling,0.104895,35
920,einops.pooling,0.224009,60
921,einops.split-axes,0.147494,50
922,einops.split-axes,0.233177,65
923,einops.split-axes,0.196952,60
924,einops.split-axes,0.153338,50
925,einops.split-axes,0.108390,35
926,einops.split-axes,0.186721,55
927,einops.split-axes,0.163468,50
928,einops.split-axes,0.054785,15
929,einops.pooling,0.059214,15
930,einops.pooling,0.064821,20
931,einops.pooling,0.059214,15
932,einops.reduce-model,0.163961,30
933,einops.repeat-model,0.091991,30
934,einops.repeat-model,0.066957,15
935,einops.repeat-model,0.085334,25
936,einops.repeat-model,0.127002,40
937,einops.repeat-model,0.201029,55
938,einops.repeat-model,0.500000,100
939,einops.repeat-model,0.092506,30
940,einops.repeat-model,0.232308,60
941,einops.pattern-language,0.087902,15
942,einops.pattern-language,0.135877,35
943,einops.pattern-language,0.188934,45
944,einops.pattern-language,0.208945,50
945,einops.pattern-language,0.194237,50
946,einops.pattern-language,0.500000,100
947,einops.pattern-language,0.417923,90
948,torch.broadcasting-rules,0.117742,40
949,torch.broadcasting-rules,0.099554,35
950,torch.broadcasting-rules,0.153667,50
951,torch.broadcasting-rules,0.272727,70
952,torch.broadcasting-rules,0.117742,40
953,torch.broadcasting-rules,0.098200,35
954,torch.broadcasting-rules,0.179579,55
955,torch.broadcasting-rules,0.290460,75
956,torch.broadcasting-rules,0.306865,75
957,torch.broadcasting-rules,0.139700,45
958,torch.broadcasting-rules,0.500000,100
959,torch.ranges,0.153445,30
960,torch.ranges,0.249303,55
961,torch.ranges,0.164969,35
962,torch.ranges,0.484161,95
963,torch.ranges,0.236177,50
964,torch.ranges,0.193001,40
965,torch.ranges,0.203492,45
966,torch.ranges,0.198106,45
967,torch.ranges,0.150403,30
968,torch.ranges,0.688579,100
969,torch.ranges,0.320377,70
970,torch.ranges,0.175734,35
972,torch.ranges,0.463953,95
973,torch.ranges,0.342894,75
974,torch.stack-concat-interleave,0.053032,15
975,torch.stack-concat-interleave,0.064821,20
976,torch.stack-concat-interleave,0.170327,55
977,torch.stack-concat-interleave,0.119639,40
978,torch.stack-concat-interleave,0.178028,55
980,torch.stack-concat-interleave,0.127002,45
981,torch.stack-concat-interleave,0.159747,50
982,torch.stack-concat-interleave,0.500000,100
983,torch.stack-concat-interleave,0.144928,50
984,torch.aggregations,0.073135,35
985,torch.aggregations,0.034835,15
986,torch.aggregations,0.088972,40
987,torch.aggregations,0.283036,75
988,torch.aggregations,0.110449,45
989,torch.aggregations,0.239580,70
990,torch.aggregations,0.095949,45
991,torch.aggregations,0.337858,85
992,torch.aggregations,0.277027,75
993,tensor.row-normalization,0.038781,15
994,tensor.row-normalization,0.053032,25
995,tensor.row-normalization,0.087967,40
996,tensor.row-normalization,0.141420,50
997,tensor.row-normalization,0.042541,20
998,tensor.row-normalization,0.230410,70
999,tensor.row-normalization,0.063364,30
1000,tensor.row-normalization,0.083788,35
1001,tensor.row-normalization,0.180672,60
1002,tensor.row-normalization,0.091991,40
1003,tensor.row-normalization,0.500000,100
1004,tensor.row-normalization,0.484438,100
1005,tensor.row-normalization,0.287412,75
1006,tensor.cosine-similarity,0.024508,15
1007,tensor.cosine-similarity,0.024508,15
1008,tensor.cosine-similarity,0.038781,25
1009,tensor.cosine-similarity,0.031734,20
1010,tensor.cosine-similarity,0.028334,20
1011,tensor.cosine-similarity,0.054785,35
1012,tensor.cosine-similarity,0.034835,25
1013,tensor.cosine-similarity,0.028334,20
1014,tensor.cosine-similarity,0.059214,35
1015,tensor.cosine-similarity,0.044734,30
1016,tensor.cosine-similarity,0.049042,30
1017,tensor.cosine-similarity,0.124914,55
1018,tensor.cosine-similarity,0.064821,40
1019,tensor.indexed-selection,0.124225,35
1020,tensor.indexed-selection,0.077674,15
1021,tensor.indexed-selection,0.202757,55
1022,tensor.indexed-selection,0.221752,55
1023,tensor.indexed-selection,0.155860,40
1024,tensor.indexed-selection,0.203492,55
1025,tensor.indexed-selection,0.230433,60
1026,tensor.indexed-selection,0.157694,40
1027,tensor.indexed-selection,0.288353,70
1028,tensor.indexed-selection,0.150000,40
1029,tensor.indexed-selection,0.128421,35
1030,tensor.indexed-selection,0.313245,75
1031,tensor.indexed-selection,0.464827,95
1032,tensor.stable-probabilities,0.034654,15
1033,tensor.stable-probabilities,0.064821,30
1034,tensor.stable-probabilities,0.038781,20
1035,tensor.stable-probabilities,0.119639,50
1036,tensor.stable-probabilities,0.139700,55
1037,tensor.stable-probabilities,0.154934,55
1038,tensor.stable-probabilities,0.059214,30
1039,tensor.stable-probabilities,0.049042,25
1040,tensor.stable-probabilities,0.213939,65
1041,tensor.stable-probabilities,0.209825,65
1042,tensor.stable-probabilities,0.074847,35
1043,tensor.stable-probabilities,0.074847,35
1044,tensor.stable-probabilities,0.199247,65
1045,tensor.classifier-evaluation,0.024508,15
1046,tensor.classifier-evaluation,0.028334,20
1047,tensor.classifier-evaluation,0.034654,25
1048,tensor.classifier-evaluation,0.093932,50
1049,tensor.classifier-evaluation,0.024508,15
1050,tensor.classifier-evaluation,0.073605,40
1051,tensor.classifier-evaluation,0.053032,35
1052,tensor.classifier-evaluation,0.044734,30
1053,tensor.classifier-evaluation,0.054785,35
1054,tensor.classifier-evaluation,0.069336,40
1055,tensor.classifier-evaluation,0.085334,45
1056,tensor.classifier-evaluation,0.164451,60
1057,tensor.classifier-evaluation,0.081575,45
1058,tensor.inverse-cdf,0.024508,15
1059,tensor.inverse-cdf,0.054785,35
1060,tensor.inverse-cdf,0.049042,30
1061,tensor.inverse-cdf,0.054785,35
1062,tensor.inverse-cdf,0.044734,30
1063,tensor.inverse-cdf,0.030000,20
1064,tensor.inverse-cdf,0.054785,35
1065,tensor.inverse-cdf,0.071039,40
1066,tensor.inverse-cdf,0.160000,60
1067,tensor.inverse-cdf,0.118548,55
1068,tensor.inverse-cdf,0.500000,100
1069,tensor.inverse-cdf,0.118548,55
1070,tensor.inverse-cdf,0.094882,50
1071,tensor.row-normalization,0.211518,65
1072,tensor.row-normalization,0.216888,65
1073,tensor.row-normalization,0.087967,40
1074,tensor.cosine-similarity,0.059214,35
1075,tensor.cosine-similarity,0.049042,30
1076,tensor.cosine-similarity,0.120000,55
1077,tensor.indexed-selection,0.108390,30
1078,tensor.indexed-selection,0.314979,75
1079,tensor.indexed-selection,0.349404,80
1080,tensor.stable-probabilities,0.154934,55
1081,tensor.stable-probabilities,0.153338,55
1082,tensor.stable-probabilities,0.379796,85
1083,tensor.classifier-evaluation,0.060000,35
1084,tensor.classifier-evaluation,0.078101,45
1085,tensor.classifier-evaluation,0.112599,50
1086,tensor.inverse-cdf,0.084866,45
1087,tensor.inverse-cdf,0.060000,35
1088,tensor.inverse-cdf,0.074847,40
1089,raytracing.segment-intersection,0.024508,25
1090,raytracing.segment-intersection,0.014154,15
1091,raytracing.segment-intersection,0.034654,35
1092,raytracing.segment-intersection,0.066957,45
1093,raytracing.segment-intersection,0.034654,35
1094,raytracing.segment-intersection,0.077674,50
1095,raytracing.segment-intersection,0.074847,50
1096,raytracing.segment-intersection,0.079427,50
1097,raytracing.segment-intersection,0.099662,55
1098,raytracing.segment-intersection,0.071039,50
1099,raytracing.segment-intersection,0.070000,50
1100,raytracing.segment-intersection,0.124594,60
1101,raytracing.segment-intersection,0.014154,15
1102,raytracing.segment-intersection,0.088972,55
1103,raytracing.segment-intersection,0.146656,65
1104,raytracing.segment-intersection,0.069336,50
1105,raytracing.batched-segments,0.020000,15
1106,raytracing.batched-segments,0.034654,25
1107,raytracing.batched-segments,0.091991,50
1108,raytracing.batched-segments,0.081458,45
1109,raytracing.batched-segments,0.089498,50
1110,raytracing.batched-segments,0.106933,55
1111,raytracing.batched-segments,0.088972,50
1112,raytracing.batched-segments,0.088972,50
1113,raytracing.batched-segments,0.117742,55
1114,raytracing.batched-segments,0.074634,45
1115,raytracing.batched-segments,0.088972,50
1116,raytracing.batched-segments,0.095884,50
1117,raytracing.batched-segments,0.093932,50
1118,raytracing.batched-segments,0.135403,60
1119,raytracing.batched-segments,0.128496,60
1120,raytracing.batched-segments,0.246606,75
1121,raytracing.make-rays-2d,0.024508,15
1122,raytracing.make-rays-2d,0.053032,35
1123,raytracing.make-rays-2d,0.063707,40
1124,raytracing.make-rays-2d,0.074634,40
1125,raytracing.make-rays-2d,0.053032,35
1126,raytracing.make-rays-2d,0.141420,60
1127,raytracing.make-rays-2d,0.102325,50
1128,raytracing.make-rays-2d,0.092506,45
1129,raytracing.make-rays-2d,0.172201,65
1130,raytracing.make-rays-2d,0.104048,50
1131,raytracing.make-rays-2d,0.073605,40
1132,raytracing.make-rays-2d,0.054785,35
1133,raytracing.make-rays-2d,0.133024,55
1134,raytracing.make-rays-2d,0.316964,80
1135,raytracing.make-rays-2d,0.500000,100
1136,raytracing.make-rays-2d,0.546700,100
1137,raytracing.triangle-intersection,0.020000,15
1138,raytracing.triangle-intersection,0.030000,25
1139,raytracing.triangle-intersection,0.078977,45
1140,raytracing.triangle-intersection,0.067293,45
1141,raytracing.triangle-intersection,0.094061,50
1142,raytracing.triangle-intersection,0.081575,45
1143,raytracing.triangle-intersection,0.106933,55
1144,raytracing.triangle-intersection,0.161390,65
1145,raytracing.triangle-intersection,0.078977,45
1146,raytracing.triangle-intersection,0.113899,55
1147,raytracing.triangle-intersection,0.131972,60
1148,raytracing.triangle-intersection,0.124971,55
1149,raytracing.triangle-intersection,0.020000,15
1150,raytracing.triangle-intersection,0.113899,55
1151,raytracing.triangle-intersection,0.164969,65
1152,raytracing.triangle-intersection,0.183393,65
1153,raytracing.mesh-visibility,0.063364,25
1154,raytracing.mesh-visibility,0.073605,30
1155,raytracing.mesh-visibility,0.049302,20
1156,raytracing.mesh-visibility,0.042541,15
1157,raytracing.mesh-visibility,0.056775,25
1158,raytracing.mesh-visibility,0.079427,35
1159,raytracing.mesh-visibility,0.092506,40
1160,raytracing.mesh-visibility,0.104048,40
1161,raytracing.mesh-visibility,0.071039,30
1162,raytracing.mesh-visibility,0.089498,35
1163,raytracing.mesh-visibility,0.063364,25
1164,raytracing.mesh-visibility,0.056775,25
1165,raytracing.mesh-visibility,0.081575,35
1166,raytracing.mesh-visibility,0.093932,40
1167,raytracing.mesh-visibility,0.071039,30
1168,raytracing.mesh-visibility,0.255397,70
1169,cnn.module-state,0.038781,15
1170,cnn.module-state,0.056775,25
1171,cnn.module-state,0.265716,75
1172,cnn.module-state,0.255842,70
1173,cnn.module-state,0.049042,20
1174,cnn.module-state,0.059214,25
1175,cnn.module-state,0.053032,25
1176,cnn.module-state,0.071039,30
1177,cnn.module-state,0.343597,85
1178,cnn.module-state,0.254190,70
1179,cnn.module-state,0.120688,45
1180,cnn.module-state,0.230433,70
1181,cnn.module-state,0.201029,65
1182,cnn.module-state,0.500000,100
1183,cnn.module-state,0.379179,85
1184,cnn.module-state,0.500000,100
1185,cnn.linear-layer,0.099554,25
1186,cnn.linear-layer,0.074847,15
1187,cnn.linear-layer,0.120688,35
1188,cnn.linear-layer,0.184826,50
1189,cnn.linear-layer,0.479871,95
1190,cnn.linear-layer,0.354220,80
1191,cnn.linear-layer,0.245073,60
1192,cnn.linear-layer,0.289077,70
1193,cnn.linear-layer,0.313943,75
1194,cnn.linear-layer,0.409851,90
1195,cnn.linear-layer,0.303116,70
1196,cnn.linear-layer,0.510064,100
1197,cnn.linear-layer,0.189191,50
1198,cnn.linear-layer,0.279394,70
1199,cnn.linear-layer,0.500000,100
1200,cnn.linear-layer,0.131972,35
1201,cnn.mlp,0.028334,15
1202,cnn.mlp,0.064821,35
1203,cnn.mlp,0.073605,40
1204,cnn.mlp,0.091991,45
1205,cnn.mlp,0.134294,55
1206,cnn.mlp,0.112599,50
1207,cnn.mlp,0.069336,40
1208,cnn.mlp,0.109601,50
1209,cnn.mlp,0.141420,55
1210,cnn.mlp,0.317904,80
1211,cnn.mlp,0.223048,70
1212,cnn.mlp,0.324980,80
1213,cnn.mlp,0.190982,65
1214,cnn.mlp,0.076092,40
1215,cnn.mlp,0.500000,100
1216,cnn.mlp,0.270101,75
1217,cnn.stride-views,0.040000,15
1218,cnn.stride-views,0.074847,35
1219,cnn.stride-views,0.054785,25
1220,cnn.stride-views,0.069336,30
1221,cnn.stride-views,0.094882,40
1222,cnn.stride-views,0.090000,40
1223,cnn.stride-views,0.060000,25
1224,cnn.stride-views,0.054785,25
1225,cnn.stride-views,0.069336,30
1226,cnn.stride-views,0.081575,35
1227,cnn.stride-views,0.080000,35
1228,cnn.stride-views,0.139700,50
1229,cnn.stride-views,0.134922,50
1230,cnn.stride-views,0.500000,100
1231,cnn.stride-views,0.148895,55
1232,cnn.stride-views,0.143192,50
1233,cnn.convolution-1d,0.044734,35
1234,cnn.convolution-1d,0.060000,40
1235,cnn.convolution-1d,0.020000,15
1236,cnn.convolution-1d,0.063707,40
1237,cnn.convolution-1d,0.059214,40
1238,cnn.convolution-1d,0.054785,40
1239,cnn.convolution-1d,0.080000,45
1240,cnn.convolution-1d,0.094882,50
1241,cnn.convolution-1d,0.024508,20
1242,cnn.convolution-1d,0.139520,60
1243,cnn.convolution-1d,0.087967,50
1244,cnn.convolution-1d,0.077674,45
1245,cnn.convolution-1d,0.195194,70
1246,cnn.convolution-1d,0.150000,60
1247,cnn.convolution-1d,0.500000,100
1248,cnn.convolution-1d,0.304108,80
1249,cnn.convolution-2d,0.087902,50
1250,cnn.convolution-2d,0.100000,50
1251,cnn.convolution-2d,0.020000,15
1252,cnn.convolution-2d,0.030000,25
1253,cnn.convolution-2d,0.030000,25
1254,cnn.convolution-2d,0.135403,60
1255,cnn.convolution-2d,0.236108,75
1256,cnn.convolution-2d,0.139000,60
1257,cnn.convolution-2d,0.138796,60
1258,cnn.convolution-2d,0.220675,70
1259,cnn.convolution-2d,0.163961,65
1260,cnn.convolution-2d,0.301019,80
1261,cnn.convolution-2d,0.500000,100
1262,cnn.convolution-2d,0.474423,100
1263,cnn.convolution-2d,0.050000,35
1264,cnn.convolution-2d,0.060000,40
1265,cnn.pooling,0.014154,15
1266,cnn.pooling,0.109022,60
1267,cnn.pooling,0.115247,60
1268,cnn.pooling,0.020000,20
1269,cnn.pooling,0.030000,30
1270,cnn.pooling,0.154104,65
1271,cnn.pooling,0.030000,30
1272,cnn.pooling,0.030000,30
1273,cnn.pooling,0.020000,20
1274,cnn.pooling,0.097805,55
1275,cnn.pooling,0.044734,40
1276,cnn.pooling,0.040000,35
1277,cnn.pooling,0.024508,25
1278,cnn.pooling,0.500000,100
1279,cnn.pooling,0.236108,75
1280,cnn.pooling,0.044734,40
1281,python.control-flow,0.034835,15
1282,python.control-flow,0.066957,35
1283,python.control-flow,0.040423,20
1284,python.control-flow,0.063707,30
1285,python.control-flow,0.052408,25
1286,python.control-flow,0.052408,25
1287,python.control-flow,0.081458,40
1288,python.control-flow,0.070094,35
1289,python.control-flow,0.081458,40
1290,python.control-flow,0.128496,50
1291,python.control-flow,0.287548,75
1292,python.control-flow,0.182624,60
1293,python.control-flow,0.205820,65
1294,python.control-flow,0.360645,85
1295,python.control-flow,0.500000,100
1296,python.control-flow,0.259069,75
1297,cnn.batch-normalization,0.020000,15
1298,cnn.batch-normalization,0.034654,25
1299,cnn.batch-normalization,0.024508,20
1300,cnn.batch-normalization,0.024508,20
1301,cnn.batch-normalization,0.044734,35
1302,cnn.batch-normalization,0.044734,35
1303,cnn.batch-normalization,0.030000,25
1304,cnn.batch-normalization,0.040000,30
1305,cnn.batch-normalization,0.094882,50
1306,cnn.batch-normalization,0.040000,30
1307,cnn.batch-normalization,0.020000,15
1308,cnn.batch-normalization,0.040000,30
1309,cnn.batch-normalization,0.094882,50
1310,cnn.batch-normalization,0.136738,60
1311,cnn.batch-normalization,0.500000,100
1312,cnn.batch-normalization,0.419471,95
1313,torch.aggregations,0.049302,25
1314,torch.aggregations,0.066957,35
1315,torch.aggregations,0.087902,40
1316,torch.aggregations,0.063707,30
1317,torch.aggregations,0.100000,45
1318,torch.aggregations,0.081458,40
1319,torch.aggregations,0.117290,50
1320,torch.aggregations,0.056775,30
1321,torch.aggregations,0.113899,50
1322,torch.aggregations,0.183393,60
1323,torch.aggregations,0.095884,45
1324,torch.aggregations,0.095949,45
1325,torch.aggregations,0.076092,35
1326,torch.aggregations,0.095884,45
1327,torch.aggregations,0.116694,50
1328,torch.aggregations,0.437199,95
1329,torch.aggregations,0.238529,70
1330,torch.aggregations,0.315871,80
1331,torch.aggregations,0.500000,100
1332,torch.aggregations,0.407670,90
1333,torch.reshape-flatten,0.159747,60
1334,torch.reshape-flatten,0.049042,30
1335,torch.reshape-flatten,0.063364,35
1336,torch.reshape-flatten,0.069336,40
1337,torch.reshape-flatten,0.028334,15
1338,torch.reshape-flatten,0.050000,30
1339,torch.reshape-flatten,0.104895,50
1340,torch.reshape-flatten,0.093932,45
1341,torch.reshape-flatten,0.085334,45
1342,torch.reshape-flatten,0.109601,50
1343,torch.reshape-flatten,0.124225,55
1344,torch.reshape-flatten,0.059214,35
1345,torch.reshape-flatten,0.059214,35
1346,torch.reshape-flatten,0.149725,60
1347,torch.reshape-flatten,0.084866,45
1348,torch.reshape-flatten,0.093932,45
1349,torch.reshape-flatten,0.049042,30
1350,torch.reshape-flatten,0.100000,45
1351,torch.reshape-flatten,0.224645,70
1352,torch.reshape-flatten,0.169766,60
1354,torch.reshape-flatten,0.098200,45
1355,torch.reshape-flatten,0.093932,45
1356,torch.reshape-flatten,0.179783,65
1357,torch.reshape-flatten,0.176466,65
1358,torch.reshape-flatten,0.339632,85
1359,torch.reshape-flatten,0.133024,55
1360,torch.reshape-flatten,0.213939,70
1361,torch.reshape-flatten,0.329305,85
1362,torch.reshape-flatten,0.500000,100
1363,torch.axis-reductions,0.218094,65
1364,torch.axis-reductions,0.159940,55
1365,torch.axis-reductions,0.087967,35
1366,torch.axis-reductions,0.266454,70
1367,torch.axis-reductions,0.188934,60
1368,torch.axis-reductions,0.163961,55
1369,torch.axis-reductions,0.159299,55
1370,torch.axis-reductions,0.106327,40
1371,torch.axis-reductions,0.394431,90
1372,torch.axis-reductions,0.416571,90
1373,torch.axis-reductions,0.541678,100
1374,cnn.sequential,0.053032,30
1375,cnn.sequential,0.028334,15
1376,cnn.sequential,0.074847,40
1377,cnn.sequential,0.054785,30
1378,cnn.sequential,0.084866,45
1379,cnn.sequential,0.109601,50
1380,cnn.sequential,0.114905,50
1381,cnn.sequential,0.050000,30
1382,cnn.sequential,0.030000,15
1383,cnn.sequential,0.070000,40
1384,cnn.sequential,0.060000,35
1385,cnn.sequential,0.054785,30
1386,cnn.sequential,0.500000,100
1387,cnn.sequential,0.161972,60
1388,cnn.sequential,0.378136,90
1389,cnn.residual-block,0.084866,45
1390,cnn.residual-block,0.199812,70
1391,cnn.residual-block,0.042541,30
1392,cnn.residual-block,0.209596,70
1393,cnn.residual-block,0.084866,45
1394,cnn.residual-block,0.024508,15
1395,cnn.residual-block,0.044734,30
1396,cnn.residual-block,0.299905,80
1397,cnn.residual-block,0.149501,60
1398,cnn.residual-block,0.087902,45
1399,cnn.residual-block,0.265716,75
1400,cnn.residual-block,0.341524,85
1401,cnn.residual-block,0.500000,100
1402,cnn.block-group,0.133024,40
1403,cnn.block-group,0.059214,15
1404,cnn.block-group,0.067293,20
1405,cnn.block-group,0.074847,25
1406,cnn.block-group,0.238708,65
1407,cnn.block-group,0.119639,40
1408,cnn.block-group,0.384402,85
1409,cnn.block-group,0.202757,60
1410,cnn.block-group,0.251652,65
1411,cnn.block-group,0.500000,100
1412,cnn.block-group,0.303865,75
1413,cnn.resnet34,0.049042,25
1414,cnn.resnet34,0.060000,30
1415,cnn.resnet34,0.374987,85
1416,cnn.resnet34,0.083788,40
1417,cnn.resnet34,0.139700,55
1418,cnn.resnet34,0.034654,15
1419,cnn.resnet34,0.420000,90
1420,cnn.resnet34,0.038781,20
1421,cnn.resnet34,0.034654,15
1422,cnn.resnet34,0.044734,20
1423,cnn.resnet34,0.500000,100
1424,cnn.resnet34,0.500000,100
1425,cnn.resnet34,0.494995,100
1426,cnn.feature-extraction,0.044734,15
1427,cnn.feature-extraction,0.089498,35
1428,cnn.feature-extraction,0.044734,15
1429,cnn.feature-extraction,0.059214,25
1430,cnn.feature-extraction,0.179783,60
1431,cnn.feature-extraction,0.059214,25
1432,cnn.feature-extraction,0.059214,25
1433,cnn.feature-extraction,0.119639,45
1434,cnn.feature-extraction,0.073605,30
1435,cnn.feature-extraction,0.079427,30
1436,cnn.feature-extraction,0.094882,35
1437,cnn.feature-extraction,0.144928,50
1438,cnn.feature-extraction,0.500000,100
1439,cnn.feature-extraction,0.133024,50
1440,cnn.feature-extraction,0.208414,65
1441,cnn.training-loop,0.084866,45
1442,cnn.training-loop,0.064821,40
1443,cnn.training-loop,0.034654,25
1444,cnn.training-loop,0.064821,40
1445,cnn.training-loop,0.053032,35
1446,cnn.training-loop,0.144928,60
1447,cnn.training-loop,0.028334,20
1448,cnn.training-loop,0.063707,40
1449,cnn.training-loop,0.139700,60
1450,cnn.training-loop,0.038781,25
1451,cnn.training-loop,0.074847,40
1452,cnn.training-loop,0.034654,25
1453,cnn.training-loop,0.040000,25
1454,cnn.training-loop,0.024508,15
1455,cnn.training-loop,0.500000,100
1456,cnn.training-loop,0.248792,75
1457,cnn.training-loop,0.120688,55
1458,cnn.forward-hooks,0.089498,40
1459,cnn.forward-hooks,0.064821,30
1460,cnn.forward-hooks,0.034654,15
1461,cnn.forward-hooks,0.053032,25
1462,cnn.forward-hooks,0.079427,35
1463,cnn.forward-hooks,0.079427,35
1464,cnn.forward-hooks,0.120000,50
1465,cnn.forward-hooks,0.069336,35
1466,cnn.forward-hooks,0.079427,35
1467,cnn.forward-hooks,0.050000,25
1468,cnn.forward-hooks,0.500000,100
1469,cnn.forward-hooks,0.114144,50
1470,cnn.forward-hooks,0.100000,45
1471,torch.axis-reductions,0.049302,15
1472,torch.axis-reductions,0.067293,25
1473,torch.axis-reductions,0.046028,15
1475,torch.axis-reductions,0.117742,45
1477,torch.axis-reductions,0.071039,30
1479,torch.axis-reductions,0.135078,50
1480,torch.axis-reductions,0.056775,20
1482,torch.axis-reductions,0.234476,65
1483,torch.dtype-astype,0.049302,15
1484,torch.dtype-astype,0.070094,25
1485,torch.dtype-astype,0.060982,20
1486,torch.dtype-astype,0.078101,30
1487,torch.dtype-astype,0.220974,65
1488,torch.dtype-astype,0.240048,65
1489,torch.dtype-astype,0.143116,50
1490,torch.dtype-astype,0.138796,50
1491,torch.dtype-astype,0.371921,85
1492,torch.dtype-astype,0.142154,50
1493,torch.dtype-astype,0.179815,55
1494,torch.dtype-astype,0.198408,60
1496,torch.dtype-astype,0.161173,55
1497,torch.dtype-astype,0.179815,55
1498,torch.dtype-astype,0.290460,75
1499,torch.dtype-astype,0.266765,70
1500,torch.dtype-astype,0.354882,85
1501,torch.slicing-views,0.028334,20
1502,torch.slicing-views,0.031734,20
1503,torch.slicing-views,0.038781,25
1504,torch.slicing-views,0.056775,35
1505,torch.slicing-views,0.120688,55
1506,torch.slicing-views,0.198408,70
1507,torch.slicing-views,0.197031,70
1508,torch.argmin-argmax,0.073605,25
1509,torch.argmin-argmax,0.178028,55
1510,torch.argmin-argmax,0.148895,50
1511,torch.argmin-argmax,0.274486,70
1512,torch.boolean-masking,0.087967,35
1513,torch.boolean-masking,0.091991,35
1514,torch.boolean-masking,0.063364,25
1515,torch.boolean-masking,0.381374,85
1516,torch.boolean-masking,0.245073,70
1517,torch.dot-matmul-patterns,0.042541,20
1518,torch.dot-matmul-patterns,0.066957,35
1519,torch.dot-matmul-patterns,0.106327,45
1520,torch.dot-matmul-patterns,0.500000,100
1521,torch.linalg-basics,0.121388,50
1522,torch.linalg-basics,0.220574,65
1523,torch.linalg-basics,0.223708,65
1524,torch.views-and-copies,0.301019,65
1525,torch.views-and-copies,0.337004,70
1526,python.defining-functions,0.078101,30
1527,python.defining-functions,0.500000,100
1528,python.dots-and-imports,0.179129,55
1529,python.dots-and-imports,0.500000,100
1530,torch.broadcasting-rules,0.212871,60
1531,torch.broadcasting-rules,0.245073,65
1532,torch.broadcasting-rules,0.184826,55
1533,torch.broadcasting-rules,0.446333,95
1534,torch.broadcasting-rules,0.102325,35
1535,torch.broadcasting-rules,0.353056,80
1536,torch.broadcasting-rules,0.306738,75
1537,torch.broadcasting-rules,0.489389,100
1538,torch.constructors,0.176146,55
1539,torch.constructors,0.357978,80
1540,torch.constructors,0.190941,55
1541,torch.constructors,0.194683,55
1542,torch.constructors,0.103341,35
1543,torch.constructors,0.542049,100
1544,torch.constructors,0.194308,55
1545,torch.elementwise-ops,0.063707,35
1546,torch.elementwise-ops,0.226326,70
1547,torch.elementwise-ops,0.056775,30
1548,torch.elementwise-ops,0.150403,55
1549,torch.elementwise-ops,0.353394,85
1550,torch.elementwise-ops,0.500000,100
1551,torch.tensor-model,0.223708,60
1552,torch.tensor-model,0.337858,80
1553,torch.tensor-model,0.350610,80
1554,torch.tensor-model,0.410950,90
1555,einops.attention-einsum,0.106327,15
1556,einops.attention-einsum,0.147494,30
1557,einops.attention-einsum,0.211653,45
1558,einops.attention-einsum,0.307749,70
1559,einops.attention-einsum,0.500000,100
1560,einops.attention-einsum,0.284853,65
1561,einops.attention-einsum,0.122829,20
1562,einops.attention-einsum,0.317904,70
1563,torch.ranges,0.110222,15
1564,torch.ranges,0.293436,65
1565,torch.ranges,0.365307,80
1566,torch.ranges,0.411714,85
1567,torch.boolean-masking,0.077674,30
1568,torch.boolean-masking,0.207587,65
1569,torch.boolean-masking,0.224348,65
1570,torch.boolean-masking,0.264095,70
1571,torch.linalg-basics,0.060322,25
1572,torch.linalg-basics,0.046028,20
1573,torch.linalg-basics,0.049302,20
1574,torch.linalg-basics,0.081800,35
1575,torch.linalg-basics,0.500000,100
1576,torch.argmin-argmax,0.053032,15
1577,torch.argmin-argmax,0.053032,15
1578,torch.argmin-argmax,0.124225,45
1579,torch.argmin-argmax,0.147494,50
1580,torch.argmin-argmax,0.367204,85
1581,torch.stack-concat-interleave,0.063364,20
1582,torch.stack-concat-interleave,0.151714,50
1583,torch.stack-concat-interleave,0.148895,50
1584,torch.stack-concat-interleave,0.194562,60
1585,torch.axis-reductions,0.500000,100
1586,torch.slicing-views,0.042541,30
1587,torch.slicing-views,0.038781,25
1588,torch.slicing-views,0.031734,20
1589,torch.slicing-views,0.081575,45
1590,torch.transpose-axes,0.145496,45
1591,torch.transpose-axes,0.073135,20
1592,torch.transpose-axes,0.255201,65
1593,torch.views-and-copies,0.127002,20
1594,torch.views-and-copies,0.291278,60
1595,torch.views-and-copies,0.207587,45
1596,torch.views-and-copies,0.192590,40
1597,torch.views-and-copies,0.409140,85
1598,torch.out-argument,0.063364,20
1599,torch.out-argument,0.091991,30
1600,torch.out-argument,0.260022,70
1601,torch.slice-assignment,0.049042,20
1602,torch.slice-assignment,0.104895,45
1603,torch.slice-assignment,0.176466,60
1604,raytracing.ray-parametrisation,0.038781,20
1605,raytracing.ray-parametrisation,0.049042,25
1606,raytracing.ray-parametrisation,0.108390,45
1607,raytracing.make-rays-1d,0.059214,25
1608,raytracing.make-rays-1d,0.063364,25
1609,einops.dl-flatten-heads,0.098200,25
1610,einops.dl-flatten-heads,0.087967,25
1611,einops.dl-flatten-heads,0.145496,40
1612,einops.dl-flatten-heads,0.073605,15
1613,einops.dl-flatten-heads,0.116694,35
1614,einops.dl-flatten-heads,0.241055,60
1615,einops.dl-flatten-heads,0.247842,65
1616,einops.dl-flatten-heads,0.500000,100
1617,einops.dl-flatten-heads,0.233177,60
1618,einops.channel-groups-temporal,0.215692,20
1619,einops.channel-groups-temporal,0.400437,75
1620,einops.channel-groups-temporal,0.381553,70
1621,einops.channel-groups-temporal,0.500000,100
1622,einops.channel-groups-temporal,0.224559,25
1623,einops.channel-groups-temporal,0.410094,80
1624,einops.singleton-and-lists,0.429742,85
1625,einops.singleton-and-lists,0.209596,35
1626,einops.singleton-and-lists,0.556620,100
1627,einops.singleton-and-lists,0.304947,60
1628,einops.singleton-and-lists,0.433030,85
1629,einops.singleton-and-lists,0.392399,80
1630,einops.patches-space-depth,0.319011,40
1631,einops.patches-space-depth,0.500000,100
1632,einops.patches-space-depth,0.421535,75
1633,einops.patches-space-depth,0.442913,80
1634,einops.reduce-model,0.362852,75
1635,einops.reduce-model,0.516379,100
1636,einops.reduce-model,0.540145,100
1637,einops.reduce-model,0.625013,100
1638,einops.pooling,0.104895,35
1639,einops.pooling,0.150000,45
1640,einops.pooling,0.194562,55
1641,einops.pooling,0.104048,35
1642,einops.grids-montage,0.174418,25
1643,einops.split-axes,0.247449,65
1644,einops.pattern-language,0.494851,100
1645,torch.dot-matmul-patterns,0.063364,30
1646,torch.dot-matmul-patterns,0.091991,40
1647,torch.dot-matmul-patterns,0.056775,30
1648,torch.dot-matmul-patterns,0.240735,70
1649,torch.dot-matmul-patterns,0.081575,40
1650,torch.sorting,0.095949,15
1651,torch.sorting,0.105841,20
1652,torch.sorting,0.469930,95
1653,einops.reduce-model,0.434674,90
1654,torch.slicing-views,0.091991,45
1655,torch.slicing-views,0.500000,100
1656,torch.slicing-views,0.187179,65
1657,torch.slicing-views,0.095884,50
1658,torch.argmin-argmax,0.226111,65
1659,torch.argmin-argmax,0.251015,70
1660,torch.argmin-argmax,0.166181,55
1661,torch.argmin-argmax,0.429742,90
1662,torch.linalg-basics,0.153338,55
1663,torch.linalg-basics,0.197031,65
1664,torch.linalg-basics,0.211653,65
1665,torch.linalg-basics,0.163468,55
1666,torch.stack-concat-interleave,0.357775,85
1667,torch.stack-concat-interleave,0.208414,60
1668,torch.stack-concat-interleave,0.282837,75
1669,torch.stack-concat-interleave,0.153338,50
1670,torch.boolean-masking,0.367958,85
1671,torch.boolean-masking,0.367204,85
1672,torch.boolean-masking,0.367958,85
1673,torch.boolean-masking,0.515258,100
1674,torch.out-argument,0.365307,85
1675,torch.out-argument,0.145496,50
1676,torch.out-argument,0.468745,95
1677,torch.out-argument,0.159940,50
1678,torch.slice-assignment,0.347584,85
1679,torch.slice-assignment,0.500000,100
1680,torch.slice-assignment,0.349027,85
1681,torch.slice-assignment,0.213939,65
1682,tensor.row-normalization,0.188170,60
1683,tensor.row-normalization,0.359020,85
1684,tensor.row-normalization,0.217353,65
1685,tensor.row-normalization,0.545041,100
1686,tensor.indexed-selection,0.431945,90
1687,tensor.indexed-selection,0.316964,75
1688,tensor.indexed-selection,0.500000,100
1689,tensor.indexed-selection,0.484816,100
1690,tensor.stable-probabilities,0.170000,60
1691,tensor.stable-probabilities,0.238708,70
1692,tensor.stable-probabilities,0.500000,100
1693,tensor.stable-probabilities,0.139700,55
1694,tensor.classifier-evaluation,0.530012,100
1695,tensor.classifier-evaluation,0.500000,100
1696,tensor.classifier-evaluation,0.249465,75
1697,tensor.classifier-evaluation,0.394901,90
1698,tensor.cosine-similarity,0.102325,50
1699,tensor.cosine-similarity,0.130000,55
1700,tensor.cosine-similarity,0.310000,80
1701,tensor.cosine-similarity,0.500000,100
1702,raytracing.segment-intersection,0.063707,45
1703,raytracing.segment-intersection,0.108390,60
1704,raytracing.segment-intersection,0.112599,60
1705,raytracing.segment-intersection,0.500000,100
1706,raytracing.batched-segments,0.226645,75
1707,raytracing.batched-segments,0.344441,85
1708,raytracing.batched-segments,0.500000,100
1709,raytracing.batched-segments,0.128496,60
1710,raytracing.make-rays-2d,0.184529,65
1711,raytracing.make-rays-2d,0.342041,85
1712,raytracing.make-rays-2d,0.151714,60
1713,raytracing.make-rays-2d,0.124914,55
1714,raytracing.triangle-intersection,0.308554,80
1715,raytracing.triangle-intersection,0.201954,70
1716,raytracing.triangle-intersection,0.500000,100
1717,raytracing.triangle-intersection,0.110449,55
1718,raytracing.mesh-visibility,0.226111,65
1719,raytracing.mesh-visibility,0.500000,100
1720,raytracing.mesh-visibility,0.079427,35
1721,raytracing.mesh-visibility,0.116694,45
1722,torch.linalg-basics,0.042541,20
1723,torch.linalg-basics,0.083788,35
1724,torch.linalg-basics,0.081575,35
1725,torch.linalg-basics,0.176466,60
1726,torch.linalg-basics,0.130392,50
1727,torch.linalg-basics,0.207587,65
1728,tensor.stable-probabilities,0.230000,70
1729,raytracing.batched-segments,0.030000,25
1730,raytracing.batched-segments,0.044734,35
