concept,question_id,champion_id,p_harder,rounds
cnn.batch-normalization,459,1311,0.070000,1
cnn.batch-normalization,460,1311,0.024508,1
cnn.batch-normalization,1297,1311,0.020000,1
cnn.batch-normalization,1298,1311,0.034654,1
cnn.batch-normalization,1299,1311,0.024508,1
cnn.batch-normalization,1300,1311,0.024508,1
cnn.batch-normalization,1301,1311,0.044734,1
cnn.batch-normalization,1302,1311,0.044734,1
cnn.batch-normalization,1303,1311,0.030000,1
cnn.batch-normalization,1304,1311,0.040000,1
cnn.batch-normalization,1305,1311,0.094882,1
cnn.batch-normalization,1306,1311,0.040000,1
cnn.batch-normalization,1307,1311,0.020000,1
cnn.batch-normalization,1308,1311,0.040000,1
cnn.batch-normalization,1309,1311,0.094882,1
cnn.batch-normalization,1310,1311,0.136738,1
cnn.batch-normalization,1311,1311,0.500000,1
cnn.batch-normalization,1312,1311,0.419471,1
cnn.block-group,1402,1411,0.133024,1
cnn.block-group,1403,1411,0.059214,1
cnn.block-group,1404,1411,0.067293,1
cnn.block-group,1405,1411,0.074847,1
cnn.block-group,1406,1411,0.238708,1
cnn.block-group,1407,1411,0.119639,1
cnn.block-group,1408,1411,0.384402,1
cnn.block-group,1409,1411,0.202757,1
cnn.block-group,1410,1411,0.251652,1
cnn.block-group,1411,1411,0.500000,1
cnn.block-group,1412,1411,0.303865,1
cnn.convolution-1d,1233,1247,0.044734,2
cnn.convolution-1d,1234,1247,0.060000,2
cnn.convolution-1d,1235,1247,0.020000,2
cnn.convolution-1d,1236,1247,0.063707,2
cnn.convolution-1d,1237,1247,0.059214,2
cnn.convolution-1d,1238,1247,0.054785,2
cnn.convolution-1d,1239,1247,0.080000,2
cnn.convolution-1d,1240,1247,0.094882,2
cnn.convolution-1d,1241,1247,0.024508,2
cnn.convolution-1d,1242,1247,0.139520,2
cnn.convolution-1d,1243,1247,0.087967,2
cnn.convolution-1d,1244,1247,0.077674,2
cnn.convolution-1d,1245,1247,0.195194,2
cnn.convolution-1d,1246,1247,0.150000,2
cnn.convolution-1d,1247,1247,0.500000,2
cnn.convolution-1d,1248,1247,0.304108,2
cnn.convolution-2d,405,1261,0.020000,1
cnn.convolution-2d,406,1261,0.020000,1
cnn.convolution-2d,408,1261,0.020000,1
cnn.convolution-2d,409,1261,0.020000,1
cnn.convolution-2d,416,1261,0.020000,1
cnn.convolution-2d,1249,1261,0.087902,1
cnn.convolution-2d,1250,1261,0.100000,1
cnn.convolution-2d,1251,1261,0.020000,1
cnn.convolution-2d,1252,1261,0.030000,1
cnn.convolution-2d,1253,1261,0.030000,1
cnn.convolution-2d,1254,1261,0.135403,1
cnn.convolution-2d,1255,1261,0.236108,1
cnn.convolution-2d,1256,1261,0.139000,1
cnn.convolution-2d,1257,1261,0.138796,1
cnn.convolution-2d,1258,1261,0.220675,1
cnn.convolution-2d,1259,1261,0.163961,1
cnn.convolution-2d,1260,1261,0.301019,1
cnn.convolution-2d,1261,1261,0.500000,1
cnn.convolution-2d,1262,1261,0.474423,1
cnn.convolution-2d,1263,1261,0.050000,1
cnn.convolution-2d,1264,1261,0.060000,1
cnn.feature-extraction,1426,1438,0.044734,1
cnn.feature-extraction,1427,1438,0.089498,1
cnn.feature-extraction,1428,1438,0.044734,1
cnn.feature-extraction,1429,1438,0.059214,1
cnn.feature-extraction,1430,1438,0.179783,1
cnn.feature-extraction,1431,1438,0.059214,1
cnn.feature-extraction,1432,1438,0.059214,1
cnn.feature-extraction,1433,1438,0.119639,1
cnn.feature-extraction,1434,1438,0.073605,1
cnn.feature-extraction,1435,1438,0.079427,1
cnn.feature-extraction,1436,1438,0.094882,1
cnn.feature-extraction,1437,1438,0.144928,1
cnn.feature-extraction,1438,1438,0.500000,1
cnn.feature-extraction,1439,1438,0.133024,1
cnn.feature-extraction,1440,1438,0.208414,1
cnn.forward-hooks,1458,1468,0.089498,1
cnn.forward-hooks,1459,1468,0.064821,1
cnn.forward-hooks,1460,1468,0.034654,1
cnn.forward-hooks,1461,1468,0.053032,1
cnn.forward-hooks,1462,1468,0.079427,1
cnn.forward-hooks,1463,1468,0.079427,1
cnn.forward-hooks,1464,1468,0.120000,1
cnn.forward-hooks,1465,1468,0.069336,1
cnn.forward-hooks,1466,1468,0.079427,1
cnn.forward-hooks,1467,1468,0.050000,1
cnn.forward-hooks,1468,1468,0.500000,1
cnn.forward-hooks,1469,1468,0.114144,1
cnn.forward-hooks,1470,1468,0.100000,1
cnn.linear-layer,1185,1199,0.099554,3
cnn.linear-layer,1186,1199,0.074847,3
cnn.linear-layer,1187,1199,0.120688,3
cnn.linear-layer,1188,1199,0.184826,3
cnn.linear-layer,1189,1199,0.479871,3
cnn.linear-layer,1190,1199,0.354220,3
cnn.linear-layer,1191,1199,0.245073,3
cnn.linear-layer,1192,1199,0.289077,3
cnn.linear-layer,1193,1199,0.313943,3
cnn.linear-layer,1194,1199,0.409851,3
cnn.linear-layer,1195,1199,0.303116,3
cnn.linear-layer,1196,1199,0.510064,3
cnn.linear-layer,1197,1199,0.189191,3
cnn.linear-layer,1198,1199,0.279394,3
cnn.linear-layer,1199,1199,0.500000,3
cnn.linear-layer,1200,1199,0.131972,3
cnn.mlp,1201,1215,0.028334,2
cnn.mlp,1202,1215,0.064821,2
cnn.mlp,1203,1215,0.073605,2
cnn.mlp,1204,1215,0.091991,2
cnn.mlp,1205,1215,0.134294,2
cnn.mlp,1206,1215,0.112599,2
cnn.mlp,1207,1215,0.069336,2
cnn.mlp,1208,1215,0.109601,2
cnn.mlp,1209,1215,0.141420,2
cnn.mlp,1210,1215,0.317904,2
cnn.mlp,1211,1215,0.223048,2
cnn.mlp,1212,1215,0.324980,2
cnn.mlp,1213,1215,0.190982,2
cnn.mlp,1214,1215,0.076092,2
cnn.mlp,1215,1215,0.500000,2
cnn.mlp,1216,1215,0.270101,2
cnn.module-state,1169,1184,0.038781,2
cnn.module-state,1170,1184,0.056775,2
cnn.module-state,1171,1184,0.265716,2
cnn.module-state,1172,1184,0.255842,2
cnn.module-state,1173,1184,0.049042,2
cnn.module-state,1174,1184,0.059214,2
cnn.module-state,1175,1184,0.053032,2
cnn.module-state,1176,1184,0.071039,2
cnn.module-state,1177,1184,0.343597,2
cnn.module-state,1178,1184,0.254190,2
cnn.module-state,1179,1184,0.120688,2
cnn.module-state,1180,1184,0.230433,2
cnn.module-state,1181,1184,0.201029,2
cnn.module-state,1182,1184,0.500000,2
cnn.module-state,1183,1184,0.379179,2
cnn.module-state,1184,1184,0.500000,2
cnn.pooling,418,1278,0.020000,1
cnn.pooling,1265,1278,0.014154,1
cnn.pooling,1266,1278,0.109022,1
cnn.pooling,1267,1278,0.115247,1
cnn.pooling,1268,1278,0.020000,1
cnn.pooling,1269,1278,0.030000,1
cnn.pooling,1270,1278,0.154104,1
cnn.pooling,1271,1278,0.030000,1
cnn.pooling,1272,1278,0.030000,1
cnn.pooling,1273,1278,0.020000,1
cnn.pooling,1274,1278,0.097805,1
cnn.pooling,1275,1278,0.044734,1
cnn.pooling,1276,1278,0.040000,1
cnn.pooling,1277,1278,0.024508,1
cnn.pooling,1278,1278,0.500000,1
cnn.pooling,1279,1278,0.236108,1
cnn.pooling,1280,1278,0.044734,1
cnn.residual-block,1389,1401,0.084866,1
cnn.residual-block,1390,1401,0.199812,1
cnn.residual-block,1391,1401,0.042541,1
cnn.residual-block,1392,1401,0.209596,1
cnn.residual-block,1393,1401,0.084866,1
cnn.residual-block,1394,1401,0.024508,1
cnn.residual-block,1395,1401,0.044734,1
cnn.residual-block,1396,1401,0.299905,1
cnn.residual-block,1397,1401,0.149501,1
cnn.residual-block,1398,1401,0.087902,1
cnn.residual-block,1399,1401,0.265716,1
cnn.residual-block,1400,1401,0.341524,1
cnn.residual-block,1401,1401,0.500000,1
cnn.resnet34,1413,1424,0.049042,1
cnn.resnet34,1414,1424,0.060000,1
cnn.resnet34,1415,1424,0.374987,1
cnn.resnet34,1416,1424,0.083788,1
cnn.resnet34,1417,1424,0.139700,1
cnn.resnet34,1418,1424,0.034654,1
cnn.resnet34,1419,1424,0.420000,1
cnn.resnet34,1420,1424,0.038781,1
cnn.resnet34,1421,1424,0.034654,1
cnn.resnet34,1422,1424,0.044734,1
cnn.resnet34,1423,1424,0.500000,1
cnn.resnet34,1424,1424,0.500000,1
cnn.resnet34,1425,1424,0.494995,1
cnn.sequential,423,1386,0.079427,1
cnn.sequential,1374,1386,0.053032,1
cnn.sequential,1375,1386,0.028334,1
cnn.sequential,1376,1386,0.074847,1
cnn.sequential,1377,1386,0.054785,1
cnn.sequential,1378,1386,0.084866,1
cnn.sequential,1379,1386,0.109601,1
cnn.sequential,1380,1386,0.114905,1
cnn.sequential,1381,1386,0.050000,1
cnn.sequential,1382,1386,0.030000,1
cnn.sequential,1383,1386,0.070000,1
cnn.sequential,1384,1386,0.060000,1
cnn.sequential,1385,1386,0.054785,1
cnn.sequential,1386,1386,0.500000,1
cnn.sequential,1387,1386,0.161972,1
cnn.sequential,1388,1386,0.378136,1
cnn.stride-views,1217,1230,0.040000,1
cnn.stride-views,1218,1230,0.074847,1
cnn.stride-views,1219,1230,0.054785,1
cnn.stride-views,1220,1230,0.069336,1
cnn.stride-views,1221,1230,0.094882,1
cnn.stride-views,1222,1230,0.090000,1
cnn.stride-views,1223,1230,0.060000,1
cnn.stride-views,1224,1230,0.054785,1
cnn.stride-views,1225,1230,0.069336,1
cnn.stride-views,1226,1230,0.081575,1
cnn.stride-views,1227,1230,0.080000,1
cnn.stride-views,1228,1230,0.139700,1
cnn.stride-views,1229,1230,0.134922,1
cnn.stride-views,1230,1230,0.500000,1
cnn.stride-views,1231,1230,0.148895,1
cnn.stride-views,1232,1230,0.143192,1
cnn.training-loop,425,1455,0.104895,1
cnn.training-loop,1441,1455,0.084866,1
cnn.training-loop,1442,1455,0.064821,1
cnn.training-loop,1443,1455,0.034654,1
cnn.training-loop,1444,1455,0.064821,1
cnn.training-loop,1445,1455,0.053032,1
cnn.training-loop,1446,1455,0.144928,1
cnn.training-loop,1447,1455,0.028334,1
cnn.training-loop,1448,1455,0.063707,1
cnn.training-loop,1449,1455,0.139700,1
cnn.training-loop,1450,1455,0.038781,1
cnn.training-loop,1451,1455,0.074847,1
cnn.training-loop,1452,1455,0.034654,1
cnn.training-loop,1453,1455,0.040000,1
cnn.training-loop,1454,1455,0.024508,1
cnn.training-loop,1455,1455,0.500000,1
cnn.training-loop,1456,1455,0.248792,1
cnn.training-loop,1457,1455,0.120688,1
einops.attention-einsum,1555,1559,0.106327,3
einops.attention-einsum,1556,1559,0.147494,3
einops.attention-einsum,1557,1559,0.211653,3
einops.attention-einsum,1558,1559,0.307749,3
einops.attention-einsum,1559,1559,0.500000,3
einops.attention-einsum,1560,1559,0.284853,3
einops.attention-einsum,1561,1559,0.122829,3
einops.attention-einsum,1562,1559,0.317904,3
einops.channel-groups-temporal,316,1621,0.381408,2
einops.channel-groups-temporal,359,1621,0.340187,2
einops.channel-groups-temporal,362,1621,0.489149,2
einops.channel-groups-temporal,369,1621,0.317189,2
einops.channel-groups-temporal,372,1621,0.315667,2
einops.channel-groups-temporal,375,1621,0.342351,2
einops.channel-groups-temporal,378,1621,0.320120,2
einops.channel-groups-temporal,397,1621,0.201954,2
einops.channel-groups-temporal,1618,1621,0.215692,2
einops.channel-groups-temporal,1619,1621,0.400437,2
einops.channel-groups-temporal,1620,1621,0.381553,2
einops.channel-groups-temporal,1621,1621,0.500000,2
einops.channel-groups-temporal,1622,1621,0.224559,2
einops.channel-groups-temporal,1623,1621,0.410094,2
einops.dl-flatten-heads,349,1616,0.073605,2
einops.dl-flatten-heads,356,1616,0.074634,2
einops.dl-flatten-heads,384,1616,0.071039,2
einops.dl-flatten-heads,394,1616,0.093932,2
einops.dl-flatten-heads,396,1616,0.142857,2
einops.dl-flatten-heads,1609,1616,0.098200,2
einops.dl-flatten-heads,1610,1616,0.087967,2
einops.dl-flatten-heads,1611,1616,0.145496,2
einops.dl-flatten-heads,1612,1616,0.073605,2
einops.dl-flatten-heads,1613,1616,0.116694,2
einops.dl-flatten-heads,1614,1616,0.241055,2
einops.dl-flatten-heads,1615,1616,0.247842,2
einops.dl-flatten-heads,1616,1616,0.500000,2
einops.dl-flatten-heads,1617,1616,0.233177,2
einops.einsum,847,862,0.067293,1
einops.einsum,848,862,0.071039,1
einops.einsum,849,862,0.163961,1
einops.einsum,850,862,0.278946,1
einops.einsum,851,862,0.110222,1
einops.einsum,852,862,0.120688,1
einops.einsum,853,862,0.269818,1
einops.einsum,854,862,0.311565,1
einops.einsum,855,862,0.081575,1
einops.einsum,856,862,0.139875,1
einops.einsum,857,862,0.364153,1
einops.einsum,858,862,0.135877,1
einops.einsum,859,862,0.161173,1
einops.einsum,860,862,0.141420,1
einops.einsum,861,862,0.262208,1
einops.einsum,862,862,0.500000,1
einops.einsum,863,862,0.321910,1
einops.einsum,864,862,0.091991,1
einops.einsum,865,862,0.228560,1
einops.einsum,866,862,0.153445,1
einops.einsum,867,862,0.141420,1
einops.einsum,868,862,0.102325,1
einops.einsum,869,862,0.106327,1
einops.einsum,870,862,0.153445,1
einops.einsum,871,862,0.270101,1
einops.einsum,872,862,0.309301,1
einops.einsum,873,862,0.250636,1
einops.einsum,874,862,0.168552,1
einops.einsum,875,862,0.326835,1
einops.einsum,876,862,0.376840,1
einops.einsum,877,862,0.477380,1
einops.einsum,878,862,0.403222,1
einops.einsum,879,862,0.056775,1
einops.einsum,880,862,0.091991,1
einops.einsum,881,862,0.124971,1
einops.einsum,882,862,0.155860,1
einops.einsum,883,862,0.120688,1
einops.einsum,884,862,0.114023,1
einops.einsum,885,862,0.135877,1
einops.einsum,886,862,0.314713,1
einops.einsum,887,862,0.197031,1
einops.einsum,888,862,0.430582,1
einops.grids-montage,318,531,0.324500,2
einops.grids-montage,322,531,0.366322,2
einops.grids-montage,329,531,0.205820,2
einops.grids-montage,364,531,0.180804,2
einops.grids-montage,371,531,0.270692,2
einops.grids-montage,381,531,0.180672,2
einops.grids-montage,382,531,0.146669,2
einops.grids-montage,389,531,0.195194,2
einops.grids-montage,531,531,0.500000,2
einops.grids-montage,909,531,0.249386,2
einops.grids-montage,910,531,0.271520,2
einops.grids-montage,911,531,0.157333,2
einops.grids-montage,912,531,0.417840,2
einops.grids-montage,1642,531,0.174418,2
einops.merge-axes,314,400,0.219709,3
einops.merge-axes,342,400,0.179579,3
einops.merge-axes,346,400,0.187092,3
einops.merge-axes,347,400,0.202119,3
einops.merge-axes,353,400,0.194683,3
einops.merge-axes,357,400,0.215692,3
einops.merge-axes,373,400,0.456013,3
einops.merge-axes,380,400,0.568700,3
einops.merge-axes,391,400,0.154104,3
einops.merge-axes,392,400,0.255397,3
einops.merge-axes,400,400,0.500000,3
einops.merge-axes,889,400,0.234725,3
einops.merge-axes,890,400,0.274486,3
einops.merge-axes,891,400,0.339791,3
einops.merge-axes,892,400,0.309197,3
einops.merge-axes,905,400,0.451972,3
einops.merge-axes,906,400,0.337004,3
einops.merge-axes,907,400,0.281749,3
einops.merge-axes,908,400,0.464395,3
einops.patches-space-depth,313,1631,0.285765,3
einops.patches-space-depth,321,1631,0.346058,3
einops.patches-space-depth,323,1631,0.322428,3
einops.patches-space-depth,343,1631,0.322428,3
einops.patches-space-depth,350,1631,0.339862,3
einops.patches-space-depth,395,1631,0.494468,3
einops.patches-space-depth,398,1631,0.324500,3
einops.patches-space-depth,401,1631,0.381374,3
einops.patches-space-depth,403,1631,0.261276,3
einops.patches-space-depth,404,1631,0.376643,3
einops.patches-space-depth,1630,1631,0.319011,3
einops.patches-space-depth,1631,1631,0.500000,3
einops.patches-space-depth,1632,1631,0.421535,3
einops.patches-space-depth,1633,1631,0.442913,3
einops.pattern-language,319,946,0.168552,3
einops.pattern-language,327,946,0.128496,3
einops.pattern-language,330,946,0.168552,3
einops.pattern-language,335,946,0.117290,3
einops.pattern-language,344,946,0.154104,3
einops.pattern-language,345,946,0.143116,3
einops.pattern-language,379,946,0.146656,3
einops.pattern-language,388,946,0.087902,3
einops.pattern-language,913,946,0.154104,3
einops.pattern-language,914,946,0.103341,3
einops.pattern-language,915,946,0.110449,3
einops.pattern-language,916,946,0.139520,3
einops.pattern-language,941,946,0.087902,3
einops.pattern-language,942,946,0.135877,3
einops.pattern-language,943,946,0.188934,3
einops.pattern-language,944,946,0.208945,3
einops.pattern-language,945,946,0.194237,3
einops.pattern-language,946,946,0.500000,3
einops.pattern-language,947,946,0.417923,3
einops.pattern-language,1644,946,0.494851,3
einops.pooling,324,336,0.093932,1
einops.pooling,336,336,0.500000,1
einops.pooling,354,336,0.194562,1
einops.pooling,363,336,0.098200,1
einops.pooling,368,336,0.212909,1
einops.pooling,377,336,0.151714,1
einops.pooling,917,336,0.099554,1
einops.pooling,918,336,0.104895,1
einops.pooling,919,336,0.104895,1
einops.pooling,920,336,0.224009,1
einops.pooling,929,336,0.059214,1
einops.pooling,930,336,0.064821,1
einops.pooling,931,336,0.059214,1
einops.pooling,1638,336,0.104895,1
einops.pooling,1639,336,0.150000,1
einops.pooling,1640,336,0.194562,1
einops.pooling,1641,336,0.104048,1
einops.reduce-model,325,340,0.164985,4
einops.reduce-model,326,340,0.190342,4
einops.reduce-model,328,340,0.174418,4
einops.reduce-model,332,340,0.566970,4
einops.reduce-model,340,340,0.500000,4
einops.reduce-model,367,340,0.124971,4
einops.reduce-model,370,340,0.493582,4
einops.reduce-model,399,340,0.362591,4
einops.reduce-model,402,340,0.614838,4
einops.reduce-model,932,340,0.163961,4
einops.reduce-model,1634,340,0.362852,4
einops.reduce-model,1635,340,0.516379,4
einops.reduce-model,1636,340,0.540145,4
einops.reduce-model,1637,340,0.625013,4
einops.reduce-model,1653,340,0.434674,4
einops.repeat-model,317,938,0.079427,2
einops.repeat-model,338,938,0.099554,2
einops.repeat-model,339,938,0.091991,2
einops.repeat-model,341,938,0.130000,2
einops.repeat-model,348,938,0.119639,2
einops.repeat-model,351,938,0.093932,2
einops.repeat-model,352,938,0.160000,2
einops.repeat-model,355,938,0.234074,2
einops.repeat-model,383,938,0.104048,2
einops.repeat-model,385,938,0.083788,2
einops.repeat-model,893,938,0.079427,2
einops.repeat-model,894,938,0.093932,2
einops.repeat-model,895,938,0.063364,2
einops.repeat-model,896,938,0.064821,2
einops.repeat-model,897,938,0.279562,2
einops.repeat-model,898,938,0.264970,2
einops.repeat-model,899,938,0.239857,2
einops.repeat-model,900,938,0.149725,2
einops.repeat-model,901,938,0.104048,2
einops.repeat-model,902,938,0.099554,2
einops.repeat-model,903,938,0.093932,2
einops.repeat-model,904,938,0.129672,2
einops.repeat-model,933,938,0.091991,2
einops.repeat-model,934,938,0.066957,2
einops.repeat-model,935,938,0.085334,2
einops.repeat-model,936,938,0.127002,2
einops.repeat-model,937,938,0.201029,2
einops.repeat-model,938,938,0.500000,2
einops.repeat-model,939,938,0.092506,2
einops.repeat-model,940,938,0.232308,2
einops.singleton-and-lists,333,334,0.304108,4
einops.singleton-and-lists,334,334,0.500000,4
einops.singleton-and-lists,358,334,0.294188,4
einops.singleton-and-lists,360,334,0.154104,4
einops.singleton-and-lists,361,334,0.236368,4
einops.singleton-and-lists,365,334,0.590860,4
einops.singleton-and-lists,374,334,0.460083,4
einops.singleton-and-lists,376,334,0.405784,4
einops.singleton-and-lists,1624,334,0.429742,4
einops.singleton-and-lists,1625,334,0.209596,4
einops.singleton-and-lists,1626,334,0.556620,4
einops.singleton-and-lists,1627,334,0.304947,4
einops.singleton-and-lists,1628,334,0.433030,4
einops.singleton-and-lists,1629,334,0.392399,4
einops.split-axes,315,331,0.142857,1
einops.split-axes,320,331,0.261276,1
einops.split-axes,331,331,0.500000,1
einops.split-axes,337,331,0.176466,1
einops.split-axes,390,331,0.102325,1
einops.split-axes,921,331,0.147494,1
einops.split-axes,922,331,0.233177,1
einops.split-axes,923,331,0.196952,1
einops.split-axes,924,331,0.153338,1
einops.split-axes,925,331,0.108390,1
einops.split-axes,926,331,0.186721,1
einops.split-axes,927,331,0.163468,1
einops.split-axes,928,331,0.054785,1
einops.split-axes,1643,331,0.247449,1
python.calling-functions,592,597,0.034835,2
python.calling-functions,593,597,0.109022,2
python.calling-functions,594,597,0.189586,2
python.calling-functions,595,597,0.055375,2
python.calling-functions,596,597,0.299618,2
python.calling-functions,597,597,0.500000,2
python.calling-functions,780,597,0.034835,2
python.calling-functions,781,597,0.060982,2
python.calling-functions,782,597,0.052408,2
python.calling-functions,783,597,0.095949,2
python.calling-functions,784,597,0.049302,2
python.calling-functions,785,597,0.073135,2
python.calling-functions,786,597,0.448308,2
python.calling-functions,787,597,0.163961,2
python.calling-functions,788,597,0.117290,2
python.calling-functions,789,597,0.139875,2
python.calling-functions,790,597,0.139875,2
python.calling-functions,791,597,0.124324,2
python.calling-functions,792,597,0.081458,2
python.calling-functions,793,597,0.179815,2
python.calling-functions,794,597,0.177892,2
python.calling-functions,795,597,0.313664,2
python.calling-functions,796,597,0.437808,2
python.calling-functions,797,597,0.323404,2
python.control-flow,1281,1295,0.034835,1
python.control-flow,1282,1295,0.066957,1
python.control-flow,1283,1295,0.040423,1
python.control-flow,1284,1295,0.063707,1
python.control-flow,1285,1295,0.052408,1
python.control-flow,1286,1295,0.052408,1
python.control-flow,1287,1295,0.081458,1
python.control-flow,1288,1295,0.070094,1
python.control-flow,1289,1295,0.081458,1
python.control-flow,1290,1295,0.128496,1
python.control-flow,1291,1295,0.287548,1
python.control-flow,1292,1295,0.182624,1
python.control-flow,1293,1295,0.205820,1
python.control-flow,1294,1295,0.360645,1
python.control-flow,1295,1295,0.500000,1
python.control-flow,1296,1295,0.259069,1
python.defining-functions,598,1527,0.049042,1
python.defining-functions,599,1527,0.056775,1
python.defining-functions,600,1527,0.088972,1
python.defining-functions,601,1527,0.095949,1
python.defining-functions,602,1527,0.197564,1
python.defining-functions,603,1527,0.208945,1
python.defining-functions,1526,1527,0.078101,1
python.defining-functions,1527,1527,0.500000,1
python.dots-and-imports,604,1529,0.081800,1
python.dots-and-imports,605,1529,0.049302,1
python.dots-and-imports,606,1529,0.105771,1
python.dots-and-imports,607,1529,0.228537,1
python.dots-and-imports,608,1529,0.295749,1
python.dots-and-imports,609,1529,0.328903,1
python.dots-and-imports,1528,1529,0.179129,1
python.dots-and-imports,1529,1529,0.500000,1
python.indexing,586,778,0.040423,2
python.indexing,587,778,0.076092,2
python.indexing,588,778,0.186108,2
python.indexing,589,778,0.267327,2
python.indexing,590,778,0.299942,2
python.indexing,591,778,0.467882,2
python.indexing,762,778,0.161810,2
python.indexing,763,778,0.150403,2
python.indexing,764,778,0.068795,2
python.indexing,765,778,0.063707,2
python.indexing,766,778,0.105841,2
python.indexing,767,778,0.319043,2
python.indexing,768,778,0.194683,2
python.indexing,769,778,0.117290,2
python.indexing,770,778,0.115247,2
python.indexing,771,778,0.167352,2
python.indexing,772,778,0.153667,2
python.indexing,773,778,0.182624,2
python.indexing,774,778,0.172096,2
python.indexing,775,778,0.362711,2
python.indexing,776,778,0.240048,2
python.indexing,777,778,0.278856,2
python.indexing,778,778,0.500000,2
python.indexing,779,778,0.437199,2
python.lists-and-tuples,580,585,0.078977,1
python.lists-and-tuples,581,585,0.046028,1
python.lists-and-tuples,582,585,0.070094,1
python.lists-and-tuples,583,585,0.145483,1
python.lists-and-tuples,584,585,0.161390,1
python.lists-and-tuples,585,585,0.500000,1
python.lists-and-tuples,744,585,0.345645,1
python.lists-and-tuples,745,585,0.128496,1
python.lists-and-tuples,746,585,0.094061,1
python.lists-and-tuples,747,585,0.100000,1
python.lists-and-tuples,748,585,0.142154,1
python.lists-and-tuples,749,585,0.055375,1
python.lists-and-tuples,750,585,0.194683,1
python.lists-and-tuples,751,585,0.172451,1
python.lists-and-tuples,752,585,0.168727,1
python.lists-and-tuples,753,585,0.102608,1
python.lists-and-tuples,754,585,0.168552,1
python.lists-and-tuples,755,585,0.290731,1
python.lists-and-tuples,756,585,0.157765,1
python.lists-and-tuples,757,585,0.342285,1
python.lists-and-tuples,758,585,0.183393,1
python.lists-and-tuples,759,585,0.273926,1
python.lists-and-tuples,760,585,0.174095,1
python.lists-and-tuples,761,585,0.291855,1
python.types-and-conversion,574,717,0.042541,2
python.types-and-conversion,575,717,0.052408,2
python.types-and-conversion,576,717,0.136738,2
python.types-and-conversion,577,717,0.130392,2
python.types-and-conversion,578,717,0.127174,2
python.types-and-conversion,579,717,0.216780,2
python.types-and-conversion,713,717,0.066957,2
python.types-and-conversion,714,717,0.087289,2
python.types-and-conversion,715,717,0.146656,2
python.types-and-conversion,716,717,0.172451,2
python.types-and-conversion,717,717,0.500000,2
python.types-and-conversion,731,717,0.052408,2
python.types-and-conversion,732,717,0.056775,2
python.types-and-conversion,733,717,0.058227,2
python.types-and-conversion,734,717,0.037715,2
python.types-and-conversion,735,717,0.060322,2
python.types-and-conversion,736,717,0.097054,2
python.types-and-conversion,737,717,0.106933,2
python.types-and-conversion,738,717,0.081575,2
python.types-and-conversion,739,717,0.095949,2
python.types-and-conversion,740,717,0.291026,2
python.types-and-conversion,741,717,0.130392,2
python.types-and-conversion,742,717,0.105841,2
python.types-and-conversion,743,717,0.209513,2
python.values-and-names,568,712,0.040423,3
python.values-and-names,569,712,0.094061,3
python.values-and-names,570,712,0.078977,3
python.values-and-names,571,712,0.102608,3
python.values-and-names,572,712,0.247523,3
python.values-and-names,573,712,0.375361,3
python.values-and-names,708,712,0.097054,3
python.values-and-names,709,712,0.526972,3
python.values-and-names,710,712,0.234476,3
python.values-and-names,711,712,0.346814,3
python.values-and-names,712,712,0.500000,3
python.values-and-names,718,712,0.081458,3
python.values-and-names,719,712,0.128496,3
python.values-and-names,720,712,0.118303,3
python.values-and-names,721,712,0.066957,3
python.values-and-names,722,712,0.105841,3
python.values-and-names,723,712,0.110449,3
python.values-and-names,724,712,0.084568,3
python.values-and-names,725,712,0.160552,3
python.values-and-names,726,712,0.145483,3
python.values-and-names,727,712,0.161390,3
python.values-and-names,728,712,0.236177,3
python.values-and-names,729,712,0.287617,3
python.values-and-names,730,712,0.367238,3
raytracing.batched-segments,1105,1708,0.020000,2
raytracing.batched-segments,1106,1708,0.034654,2
raytracing.batched-segments,1107,1708,0.091991,2
raytracing.batched-segments,1108,1708,0.081458,2
raytracing.batched-segments,1109,1708,0.089498,2
raytracing.batched-segments,1110,1708,0.106933,2
raytracing.batched-segments,1111,1708,0.088972,2
raytracing.batched-segments,1112,1708,0.088972,2
raytracing.batched-segments,1113,1708,0.117742,2
raytracing.batched-segments,1114,1708,0.074634,2
raytracing.batched-segments,1115,1708,0.088972,2
raytracing.batched-segments,1116,1708,0.095884,2
raytracing.batched-segments,1117,1708,0.093932,2
raytracing.batched-segments,1118,1708,0.135403,2
raytracing.batched-segments,1119,1708,0.128496,2
raytracing.batched-segments,1120,1708,0.246606,2
raytracing.batched-segments,1706,1708,0.226645,2
raytracing.batched-segments,1707,1708,0.344441,2
raytracing.batched-segments,1708,1708,0.500000,2
raytracing.batched-segments,1709,1708,0.128496,2
raytracing.batched-segments,1729,1708,0.030000,2
raytracing.batched-segments,1730,1708,0.044734,2
raytracing.make-rays-1d,831,839,0.073605,1
raytracing.make-rays-1d,832,839,0.074847,1
raytracing.make-rays-1d,833,839,0.069336,1
raytracing.make-rays-1d,834,839,0.044734,1
raytracing.make-rays-1d,835,839,0.119639,1
raytracing.make-rays-1d,836,839,0.114144,1
raytracing.make-rays-1d,837,839,0.074847,1
raytracing.make-rays-1d,838,839,0.109601,1
raytracing.make-rays-1d,839,839,0.500000,1
raytracing.make-rays-1d,840,839,0.394989,1
raytracing.make-rays-1d,841,839,0.089498,1
raytracing.make-rays-1d,842,839,0.054785,1
raytracing.make-rays-1d,843,839,0.089498,1
raytracing.make-rays-1d,844,839,0.104895,1
raytracing.make-rays-1d,845,839,0.114144,1
raytracing.make-rays-1d,846,839,0.090000,1
raytracing.make-rays-1d,1607,839,0.059214,1
raytracing.make-rays-1d,1608,839,0.063364,1
raytracing.make-rays-2d,1121,1135,0.024508,3
raytracing.make-rays-2d,1122,1135,0.053032,3
raytracing.make-rays-2d,1123,1135,0.063707,3
raytracing.make-rays-2d,1124,1135,0.074634,3
raytracing.make-rays-2d,1125,1135,0.053032,3
raytracing.make-rays-2d,1126,1135,0.141420,3
raytracing.make-rays-2d,1127,1135,0.102325,3
raytracing.make-rays-2d,1128,1135,0.092506,3
raytracing.make-rays-2d,1129,1135,0.172201,3
raytracing.make-rays-2d,1130,1135,0.104048,3
raytracing.make-rays-2d,1131,1135,0.073605,3
raytracing.make-rays-2d,1132,1135,0.054785,3
raytracing.make-rays-2d,1133,1135,0.133024,3
raytracing.make-rays-2d,1134,1135,0.316964,3
raytracing.make-rays-2d,1135,1135,0.500000,3
raytracing.make-rays-2d,1136,1135,0.546700,3
raytracing.make-rays-2d,1710,1135,0.184529,3
raytracing.make-rays-2d,1711,1135,0.342041,3
raytracing.make-rays-2d,1712,1135,0.151714,3
raytracing.make-rays-2d,1713,1135,0.124914,3
raytracing.mesh-visibility,1153,1719,0.063364,2
raytracing.mesh-visibility,1154,1719,0.073605,2
raytracing.mesh-visibility,1155,1719,0.049302,2
raytracing.mesh-visibility,1156,1719,0.042541,2
raytracing.mesh-visibility,1157,1719,0.056775,2
raytracing.mesh-visibility,1158,1719,0.079427,2
raytracing.mesh-visibility,1159,1719,0.092506,2
raytracing.mesh-visibility,1160,1719,0.104048,2
raytracing.mesh-visibility,1161,1719,0.071039,2
raytracing.mesh-visibility,1162,1719,0.089498,2
raytracing.mesh-visibility,1163,1719,0.063364,2
raytracing.mesh-visibility,1164,1719,0.056775,2
raytracing.mesh-visibility,1165,1719,0.081575,2
raytracing.mesh-visibility,1166,1719,0.093932,2
raytracing.mesh-visibility,1167,1719,0.071039,2
raytracing.mesh-visibility,1168,1719,0.255397,2
raytracing.mesh-visibility,1718,1719,0.226111,2
raytracing.mesh-visibility,1719,1719,0.500000,2
raytracing.mesh-visibility,1720,1719,0.079427,2
raytracing.mesh-visibility,1721,1719,0.116694,2
raytracing.ray-parametrisation,820,830,0.034654,1
raytracing.ray-parametrisation,821,830,0.114144,1
raytracing.ray-parametrisation,822,830,0.042541,1
raytracing.ray-parametrisation,823,830,0.056775,1
raytracing.ray-parametrisation,824,830,0.113899,1
raytracing.ray-parametrisation,825,830,0.079427,1
raytracing.ray-parametrisation,826,830,0.079427,1
raytracing.ray-parametrisation,827,830,0.064821,1
raytracing.ray-parametrisation,828,830,0.113899,1
raytracing.ray-parametrisation,829,830,0.170327,1
raytracing.ray-parametrisation,830,830,0.500000,1
raytracing.ray-parametrisation,1604,830,0.038781,1
raytracing.ray-parametrisation,1605,830,0.049042,1
raytracing.ray-parametrisation,1606,830,0.108390,1
raytracing.segment-intersection,1089,1705,0.024508,1
raytracing.segment-intersection,1090,1705,0.014154,1
raytracing.segment-intersection,1091,1705,0.034654,1
raytracing.segment-intersection,1092,1705,0.066957,1
raytracing.segment-intersection,1093,1705,0.034654,1
raytracing.segment-intersection,1094,1705,0.077674,1
raytracing.segment-intersection,1095,1705,0.074847,1
raytracing.segment-intersection,1096,1705,0.079427,1
raytracing.segment-intersection,1097,1705,0.099662,1
raytracing.segment-intersection,1098,1705,0.071039,1
raytracing.segment-intersection,1099,1705,0.070000,1
raytracing.segment-intersection,1100,1705,0.124594,1
raytracing.segment-intersection,1101,1705,0.014154,1
raytracing.segment-intersection,1102,1705,0.088972,1
raytracing.segment-intersection,1103,1705,0.146656,1
raytracing.segment-intersection,1104,1705,0.069336,1
raytracing.segment-intersection,1702,1705,0.063707,1
raytracing.segment-intersection,1703,1705,0.108390,1
raytracing.segment-intersection,1704,1705,0.112599,1
raytracing.segment-intersection,1705,1705,0.500000,1
raytracing.triangle-intersection,1137,1716,0.020000,2
raytracing.triangle-intersection,1138,1716,0.030000,2
raytracing.triangle-intersection,1139,1716,0.078977,2
raytracing.triangle-intersection,1140,1716,0.067293,2
raytracing.triangle-intersection,1141,1716,0.094061,2
raytracing.triangle-intersection,1142,1716,0.081575,2
raytracing.triangle-intersection,1143,1716,0.106933,2
raytracing.triangle-intersection,1144,1716,0.161390,2
raytracing.triangle-intersection,1145,1716,0.078977,2
raytracing.triangle-intersection,1146,1716,0.113899,2
raytracing.triangle-intersection,1147,1716,0.131972,2
raytracing.triangle-intersection,1148,1716,0.124971,2
raytracing.triangle-intersection,1149,1716,0.020000,2
raytracing.triangle-intersection,1150,1716,0.113899,2
raytracing.triangle-intersection,1151,1716,0.164969,2
raytracing.triangle-intersection,1152,1716,0.183393,2
raytracing.triangle-intersection,1714,1716,0.308554,2
raytracing.triangle-intersection,1715,1716,0.201954,2
raytracing.triangle-intersection,1716,1716,0.500000,2
raytracing.triangle-intersection,1717,1716,0.110449,2
subtopic:Autograd: Broadcasting gradients (unbroadcast),465,466,0.334769,2
subtopic:Autograd: Broadcasting gradients (unbroadcast),466,466,0.500000,2
subtopic:Autograd: Broadcasting gradients (unbroadcast),467,466,0.233177,2
subtopic:Autograd: Chain Rule and Backward Functions,435,437,0.138796,1
subtopic:Autograd: Chain Rule and Backward Functions,436,437,0.122829,1
subtopic:Autograd: Chain Rule and Backward Functions,437,437,0.500000,1
subtopic:Autograd: Global grad-mode flag (torch.set_grad_enabled / no_grad),471,471,0.500000,2
subtopic:Autograd: Global grad-mode flag (torch.set_grad_enabled / no_grad),472,471,0.470500,2
subtopic:Autograd: Global grad-mode flag (torch.set_grad_enabled / no_grad),473,471,0.436899,2
"subtopic:Autograd: Matrix multiplication backward (dL/dX = dL/dM @ Y^T, dL/dY = X^T @ dL/dM)",450,452,0.209298,1
"subtopic:Autograd: Matrix multiplication backward (dL/dX = dL/dM @ Y^T, dL/dY = X^T @ dL/dM)",451,452,0.146656,1
"subtopic:Autograd: Matrix multiplication backward (dL/dX = dL/dM @ Y^T, dL/dY = X^T @ dL/dM)",452,452,0.500000,1
subtopic:CNN: Conv2d module mechanics,411,415,0.064821,2
subtopic:CNN: Conv2d module mechanics,412,415,0.030000,2
subtopic:CNN: Conv2d module mechanics,413,415,0.094882,2
subtopic:CNN: Conv2d module mechanics,414,415,0.110000,2
subtopic:CNN: Conv2d module mechanics,415,415,0.500000,2
subtopic:CNN: Output shape & arithmetic,407,410,0.294188,1
subtopic:CNN: Output shape & arithmetic,410,410,0.500000,1
"subtopic:CNN: Pooling, Flatten, BatchNorm",417,420,0.384821,2
"subtopic:CNN: Pooling, Flatten, BatchNorm",419,420,0.294188,2
"subtopic:CNN: Pooling, Flatten, BatchNorm",420,420,0.500000,2
"subtopic:CNN: Pooling, Flatten, BatchNorm",421,420,0.482904,2
"subtopic:CNN: Pooling, Flatten, BatchNorm",422,420,0.287146,2
subtopic:CNN: nn.Module & training loop,424,424,0.500000,2
subtopic:CNN: nn.Module & training loop,426,424,0.262524,2
subtopic:CNN: nn.Module & training loop,427,424,0.341032,2
subtopic:CNN: nn.Module & training loop,428,424,0.298073,2
"subtopic:CNNs: Hyperparameter normalization (int-or-tuple to (h,w) pair)",447,448,0.056775,1
"subtopic:CNNs: Hyperparameter normalization (int-or-tuple to (h,w) pair)",448,448,0.500000,1
"subtopic:CNNs: Hyperparameter normalization (int-or-tuple to (h,w) pair)",449,448,0.170327,1
subtopic:CNNs: Padding for Max Pooling,462,462,0.500000,2
subtopic:CNNs: Padding for Max Pooling,463,462,0.129672,2
subtopic:CNNs: Padding for Max Pooling,464,462,0.494999,2
subtopic:Optimizers: EWMA running statistics (BatchNorm / Adam / RMSprop),456,457,0.053032,1
subtopic:Optimizers: EWMA running statistics (BatchNorm / Adam / RMSprop),457,457,0.500000,1
subtopic:Optimizers: EWMA running statistics (BatchNorm / Adam / RMSprop),458,457,0.157333,1
subtopic:Optimizers: Parameter iteration and iterator exhaustion,444,445,0.464190,1
subtopic:Optimizers: Parameter iteration and iterator exhaustion,445,445,0.500000,1
subtopic:Optimizers: Parameter iteration and iterator exhaustion,446,445,0.264095,1
subtopic:Optimizers: SGD update rule,441,442,0.054785,2
subtopic:Optimizers: SGD update rule,442,442,0.500000,2
subtopic:Optimizers: SGD update rule,443,442,0.179783,2
subtopic:PyTorch Fundamentals: Autograd: .grad on leaf parameters,474,476,0.142857,1
subtopic:PyTorch Fundamentals: Autograd: .grad on leaf parameters,475,476,0.369044,1
subtopic:PyTorch Fundamentals: Autograd: .grad on leaf parameters,476,476,0.500000,1
subtopic:PyTorch Fundamentals: BatchNorm variance: biased vs unbiased,453,455,0.053032,1
subtopic:PyTorch Fundamentals: BatchNorm variance: biased vs unbiased,454,455,0.081575,1
subtopic:PyTorch Fundamentals: BatchNorm variance: biased vs unbiased,455,455,0.500000,1
subtopic:PyTorch Fundamentals: Cross-Entropy Loss on Logits,438,440,0.087967,1
subtopic:PyTorch Fundamentals: Cross-Entropy Loss on Logits,439,440,0.304423,1
subtopic:PyTorch Fundamentals: Cross-Entropy Loss on Logits,440,440,0.500000,1
subtopic:PyTorch Fundamentals: Freezing parameters with requires_grad_,477,479,0.326835,2
subtopic:PyTorch Fundamentals: Freezing parameters with requires_grad_,478,479,0.251652,2
subtopic:PyTorch Fundamentals: Freezing parameters with requires_grad_,479,479,0.500000,2
subtopic:PyTorch Fundamentals: Reduction ops: amax,429,431,0.034654,1
subtopic:PyTorch Fundamentals: Reduction ops: amax,430,431,0.140000,1
subtopic:PyTorch Fundamentals: Reduction ops: amax,431,431,0.500000,1
subtopic:PyTorch Fundamentals: Weight Initialization (normal_ / constant_),432,434,0.114023,1
subtopic:PyTorch Fundamentals: Weight Initialization (normal_ / constant_),433,434,0.124594,1
subtopic:PyTorch Fundamentals: Weight Initialization (normal_ / constant_),434,434,0.500000,1
subtopic:PyTorch Fundamentals: nn.Module extra_repr,468,470,0.246606,1
subtopic:PyTorch Fundamentals: nn.Module extra_repr,469,470,0.174095,1
subtopic:PyTorch Fundamentals: nn.Module extra_repr,470,470,0.500000,1
tensor.classifier-evaluation,1045,1695,0.024508,3
tensor.classifier-evaluation,1046,1695,0.028334,3
tensor.classifier-evaluation,1047,1695,0.034654,3
tensor.classifier-evaluation,1048,1695,0.093932,3
tensor.classifier-evaluation,1049,1695,0.024508,3
tensor.classifier-evaluation,1050,1695,0.073605,3
tensor.classifier-evaluation,1051,1695,0.053032,3
tensor.classifier-evaluation,1052,1695,0.044734,3
tensor.classifier-evaluation,1053,1695,0.054785,3
tensor.classifier-evaluation,1054,1695,0.069336,3
tensor.classifier-evaluation,1055,1695,0.085334,3
tensor.classifier-evaluation,1056,1695,0.164451,3
tensor.classifier-evaluation,1057,1695,0.081575,3
tensor.classifier-evaluation,1083,1695,0.060000,3
tensor.classifier-evaluation,1084,1695,0.078101,3
tensor.classifier-evaluation,1085,1695,0.112599,3
tensor.classifier-evaluation,1694,1695,0.530012,3
tensor.classifier-evaluation,1695,1695,0.500000,3
tensor.classifier-evaluation,1696,1695,0.249465,3
tensor.classifier-evaluation,1697,1695,0.394901,3
tensor.cosine-similarity,1006,1701,0.024508,1
tensor.cosine-similarity,1007,1701,0.024508,1
tensor.cosine-similarity,1008,1701,0.038781,1
tensor.cosine-similarity,1009,1701,0.031734,1
tensor.cosine-similarity,1010,1701,0.028334,1
tensor.cosine-similarity,1011,1701,0.054785,1
tensor.cosine-similarity,1012,1701,0.034835,1
tensor.cosine-similarity,1013,1701,0.028334,1
tensor.cosine-similarity,1014,1701,0.059214,1
tensor.cosine-similarity,1015,1701,0.044734,1
tensor.cosine-similarity,1016,1701,0.049042,1
tensor.cosine-similarity,1017,1701,0.124914,1
tensor.cosine-similarity,1018,1701,0.064821,1
tensor.cosine-similarity,1074,1701,0.059214,1
tensor.cosine-similarity,1075,1701,0.049042,1
tensor.cosine-similarity,1076,1701,0.120000,1
tensor.cosine-similarity,1698,1701,0.102325,1
tensor.cosine-similarity,1699,1701,0.130000,1
tensor.cosine-similarity,1700,1701,0.310000,1
tensor.cosine-similarity,1701,1701,0.500000,1
tensor.indexed-selection,1019,1688,0.124225,2
tensor.indexed-selection,1020,1688,0.077674,2
tensor.indexed-selection,1021,1688,0.202757,2
tensor.indexed-selection,1022,1688,0.221752,2
tensor.indexed-selection,1023,1688,0.155860,2
tensor.indexed-selection,1024,1688,0.203492,2
tensor.indexed-selection,1025,1688,0.230433,2
tensor.indexed-selection,1026,1688,0.157694,2
tensor.indexed-selection,1027,1688,0.288353,2
tensor.indexed-selection,1028,1688,0.150000,2
tensor.indexed-selection,1029,1688,0.128421,2
tensor.indexed-selection,1030,1688,0.313245,2
tensor.indexed-selection,1031,1688,0.464827,2
tensor.indexed-selection,1077,1688,0.108390,2
tensor.indexed-selection,1078,1688,0.314979,2
tensor.indexed-selection,1079,1688,0.349404,2
tensor.indexed-selection,1686,1688,0.431945,2
tensor.indexed-selection,1687,1688,0.316964,2
tensor.indexed-selection,1688,1688,0.500000,2
tensor.indexed-selection,1689,1688,0.484816,2
tensor.inverse-cdf,1058,1068,0.024508,1
tensor.inverse-cdf,1059,1068,0.054785,1
tensor.inverse-cdf,1060,1068,0.049042,1
tensor.inverse-cdf,1061,1068,0.054785,1
tensor.inverse-cdf,1062,1068,0.044734,1
tensor.inverse-cdf,1063,1068,0.030000,1
tensor.inverse-cdf,1064,1068,0.054785,1
tensor.inverse-cdf,1065,1068,0.071039,1
tensor.inverse-cdf,1066,1068,0.160000,1
tensor.inverse-cdf,1067,1068,0.118548,1
tensor.inverse-cdf,1068,1068,0.500000,1
tensor.inverse-cdf,1069,1068,0.118548,1
tensor.inverse-cdf,1070,1068,0.094882,1
tensor.inverse-cdf,1086,1068,0.084866,1
tensor.inverse-cdf,1087,1068,0.060000,1
tensor.inverse-cdf,1088,1068,0.074847,1
tensor.row-normalization,993,1003,0.038781,2
tensor.row-normalization,994,1003,0.053032,2
tensor.row-normalization,995,1003,0.087967,2
tensor.row-normalization,996,1003,0.141420,2
tensor.row-normalization,997,1003,0.042541,2
tensor.row-normalization,998,1003,0.230410,2
tensor.row-normalization,999,1003,0.063364,2
tensor.row-normalization,1000,1003,0.083788,2
tensor.row-normalization,1001,1003,0.180672,2
tensor.row-normalization,1002,1003,0.091991,2
tensor.row-normalization,1003,1003,0.500000,2
tensor.row-normalization,1004,1003,0.484438,2
tensor.row-normalization,1005,1003,0.287412,2
tensor.row-normalization,1071,1003,0.211518,2
tensor.row-normalization,1072,1003,0.216888,2
tensor.row-normalization,1073,1003,0.087967,2
tensor.row-normalization,1682,1003,0.188170,2
tensor.row-normalization,1683,1003,0.359020,2
tensor.row-normalization,1684,1003,0.217353,2
tensor.row-normalization,1685,1003,0.545041,2
tensor.stable-probabilities,103,1692,0.084866,2
tensor.stable-probabilities,1032,1692,0.034654,2
tensor.stable-probabilities,1033,1692,0.064821,2
tensor.stable-probabilities,1034,1692,0.038781,2
tensor.stable-probabilities,1035,1692,0.119639,2
tensor.stable-probabilities,1036,1692,0.139700,2
tensor.stable-probabilities,1037,1692,0.154934,2
tensor.stable-probabilities,1038,1692,0.059214,2
tensor.stable-probabilities,1039,1692,0.049042,2
tensor.stable-probabilities,1040,1692,0.213939,2
tensor.stable-probabilities,1041,1692,0.209825,2
tensor.stable-probabilities,1042,1692,0.074847,2
tensor.stable-probabilities,1043,1692,0.074847,2
tensor.stable-probabilities,1044,1692,0.199247,2
tensor.stable-probabilities,1080,1692,0.154934,2
tensor.stable-probabilities,1081,1692,0.153338,2
tensor.stable-probabilities,1082,1692,0.379796,2
tensor.stable-probabilities,1690,1692,0.170000,2
tensor.stable-probabilities,1691,1692,0.238708,2
tensor.stable-probabilities,1692,1692,0.500000,2
tensor.stable-probabilities,1693,1692,0.139700,2
tensor.stable-probabilities,1728,1692,0.230000,2
torch.aggregations,26,1331,0.114023,2
torch.aggregations,28,1331,0.056775,2
torch.aggregations,62,1331,0.066957,2
torch.aggregations,64,1331,0.227691,2
torch.aggregations,495,1331,0.056775,2
torch.aggregations,496,1331,0.067293,2
torch.aggregations,497,1331,0.198408,2
torch.aggregations,498,1331,0.220675,2
torch.aggregations,984,1331,0.073135,2
torch.aggregations,985,1331,0.034835,2
torch.aggregations,986,1331,0.088972,2
torch.aggregations,987,1331,0.283036,2
torch.aggregations,988,1331,0.110449,2
torch.aggregations,989,1331,0.239580,2
torch.aggregations,990,1331,0.095949,2
torch.aggregations,991,1331,0.337858,2
torch.aggregations,992,1331,0.277027,2
torch.aggregations,1313,1331,0.049302,2
torch.aggregations,1314,1331,0.066957,2
torch.aggregations,1315,1331,0.087902,2
torch.aggregations,1316,1331,0.063707,2
torch.aggregations,1317,1331,0.100000,2
torch.aggregations,1318,1331,0.081458,2
torch.aggregations,1319,1331,0.117290,2
torch.aggregations,1320,1331,0.056775,2
torch.aggregations,1321,1331,0.113899,2
torch.aggregations,1322,1331,0.183393,2
torch.aggregations,1323,1331,0.095884,2
torch.aggregations,1324,1331,0.095949,2
torch.aggregations,1325,1331,0.076092,2
torch.aggregations,1326,1331,0.095884,2
torch.aggregations,1327,1331,0.116694,2
torch.aggregations,1328,1331,0.437199,2
torch.aggregations,1329,1331,0.238529,2
torch.aggregations,1330,1331,0.315871,2
torch.aggregations,1331,1331,0.500000,2
torch.aggregations,1332,1331,0.407670,2
torch.argmin-argmax,1,168,0.059214,3
torch.argmin-argmax,24,168,0.124225,3
torch.argmin-argmax,38,168,0.049042,3
torch.argmin-argmax,61,168,0.176466,3
torch.argmin-argmax,98,168,0.163468,3
torch.argmin-argmax,168,168,0.500000,3
torch.argmin-argmax,219,168,0.102325,3
torch.argmin-argmax,1508,168,0.073605,3
torch.argmin-argmax,1509,168,0.178028,3
torch.argmin-argmax,1510,168,0.148895,3
torch.argmin-argmax,1511,168,0.274486,3
torch.argmin-argmax,1576,168,0.053032,3
torch.argmin-argmax,1577,168,0.053032,3
torch.argmin-argmax,1578,168,0.124225,3
torch.argmin-argmax,1579,168,0.147494,3
torch.argmin-argmax,1580,168,0.367204,3
torch.argmin-argmax,1658,168,0.226111,3
torch.argmin-argmax,1659,168,0.251015,3
torch.argmin-argmax,1660,168,0.166181,3
torch.argmin-argmax,1661,168,0.429742,3
torch.axis-reductions,108,1585,0.500000,2
torch.axis-reductions,135,1585,0.439876,2
torch.axis-reductions,174,1585,0.255842,2
torch.axis-reductions,220,1585,0.127002,2
torch.axis-reductions,503,1585,0.098200,2
torch.axis-reductions,504,1585,0.157333,2
torch.axis-reductions,505,1585,0.239580,2
torch.axis-reductions,1363,1585,0.218094,2
torch.axis-reductions,1364,1585,0.159940,2
torch.axis-reductions,1365,1585,0.087967,2
torch.axis-reductions,1366,1585,0.266454,2
torch.axis-reductions,1367,1585,0.188934,2
torch.axis-reductions,1368,1585,0.163961,2
torch.axis-reductions,1369,1585,0.159299,2
torch.axis-reductions,1370,1585,0.106327,2
torch.axis-reductions,1371,1585,0.394431,2
torch.axis-reductions,1372,1585,0.416571,2
torch.axis-reductions,1373,1585,0.541678,2
torch.axis-reductions,1471,1585,0.049302,2
torch.axis-reductions,1472,1585,0.067293,2
torch.axis-reductions,1473,1585,0.046028,2
torch.axis-reductions,1475,1585,0.117742,2
torch.axis-reductions,1477,1585,0.071039,2
torch.axis-reductions,1479,1585,0.135078,2
torch.axis-reductions,1480,1585,0.056775,2
torch.axis-reductions,1482,1585,0.234476,2
torch.axis-reductions,1585,1585,0.500000,2
torch.boolean-masking,12,145,0.184826,4
torch.boolean-masking,52,145,0.044734,4
torch.boolean-masking,85,145,0.311293,4
torch.boolean-masking,145,145,0.500000,4
torch.boolean-masking,202,145,0.449262,4
torch.boolean-masking,232,145,0.063364,4
torch.boolean-masking,236,145,0.063364,4
torch.boolean-masking,1512,145,0.087967,4
torch.boolean-masking,1513,145,0.091991,4
torch.boolean-masking,1514,145,0.063364,4
torch.boolean-masking,1515,145,0.381374,4
torch.boolean-masking,1516,145,0.245073,4
torch.boolean-masking,1567,145,0.077674,4
torch.boolean-masking,1568,145,0.207587,4
torch.boolean-masking,1569,145,0.224348,4
torch.boolean-masking,1570,145,0.264095,4
torch.boolean-masking,1670,145,0.367958,4
torch.boolean-masking,1671,145,0.367204,4
torch.boolean-masking,1672,145,0.367958,4
torch.boolean-masking,1673,145,0.515258,4
torch.broadcasting-rules,111,958,0.053032,2
torch.broadcasting-rules,151,958,0.163961,2
torch.broadcasting-rules,499,958,0.059214,2
torch.broadcasting-rules,500,958,0.134294,2
torch.broadcasting-rules,501,958,0.106327,2
torch.broadcasting-rules,502,958,0.190342,2
torch.broadcasting-rules,948,958,0.117742,2
torch.broadcasting-rules,949,958,0.099554,2
torch.broadcasting-rules,950,958,0.153667,2
torch.broadcasting-rules,951,958,0.272727,2
torch.broadcasting-rules,952,958,0.117742,2
torch.broadcasting-rules,953,958,0.098200,2
torch.broadcasting-rules,954,958,0.179579,2
torch.broadcasting-rules,955,958,0.290460,2
torch.broadcasting-rules,956,958,0.306865,2
torch.broadcasting-rules,957,958,0.139700,2
torch.broadcasting-rules,958,958,0.500000,2
torch.broadcasting-rules,1530,958,0.212871,2
torch.broadcasting-rules,1531,958,0.245073,2
torch.broadcasting-rules,1532,958,0.184826,2
torch.broadcasting-rules,1533,958,0.446333,2
torch.broadcasting-rules,1534,958,0.102325,2
torch.broadcasting-rules,1535,958,0.353056,2
torch.broadcasting-rules,1536,958,0.306738,2
torch.broadcasting-rules,1537,958,0.489389,2
torch.constructors,41,648,0.208945,2
torch.constructors,48,648,0.463682,2
torch.constructors,50,648,0.055375,2
torch.constructors,212,648,0.088972,2
torch.constructors,213,648,0.150184,2
torch.constructors,225,648,0.091991,2
torch.constructors,227,648,0.071039,2
torch.constructors,228,648,0.081458,2
torch.constructors,639,648,0.066957,2
torch.constructors,640,648,0.074634,2
torch.constructors,641,648,0.220675,2
torch.constructors,642,648,0.097054,2
torch.constructors,643,648,0.124594,2
torch.constructors,644,648,0.183462,2
torch.constructors,645,648,0.197564,2
torch.constructors,646,648,0.259363,2
torch.constructors,647,648,0.369044,2
torch.constructors,648,648,0.500000,2
torch.constructors,1538,648,0.176146,2
torch.constructors,1539,648,0.357978,2
torch.constructors,1540,648,0.190941,2
torch.constructors,1541,648,0.194683,2
torch.constructors,1542,648,0.103341,2
torch.constructors,1543,648,0.542049,2
torch.constructors,1544,648,0.194308,2
torch.dot-matmul-patterns,37,1520,0.034654,1
torch.dot-matmul-patterns,95,1520,0.182406,1
torch.dot-matmul-patterns,121,1520,0.118548,1
torch.dot-matmul-patterns,141,1520,0.303116,1
torch.dot-matmul-patterns,144,1520,0.056775,1
torch.dot-matmul-patterns,514,1520,0.059214,1
torch.dot-matmul-patterns,515,1520,0.137266,1
torch.dot-matmul-patterns,1517,1520,0.042541,1
torch.dot-matmul-patterns,1518,1520,0.066957,1
torch.dot-matmul-patterns,1519,1520,0.106327,1
torch.dot-matmul-patterns,1520,1520,0.500000,1
torch.dot-matmul-patterns,1645,1520,0.063364,1
torch.dot-matmul-patterns,1646,1520,0.091991,1
torch.dot-matmul-patterns,1647,1520,0.056775,1
torch.dot-matmul-patterns,1648,1520,0.240735,1
torch.dot-matmul-patterns,1649,1520,0.081575,1
torch.dtype-astype,19,87,0.124971,2
torch.dtype-astype,51,87,0.319011,2
torch.dtype-astype,87,87,0.500000,2
torch.dtype-astype,215,87,0.400735,2
torch.dtype-astype,230,87,0.109022,2
torch.dtype-astype,649,87,0.113899,2
torch.dtype-astype,650,87,0.441282,2
torch.dtype-astype,651,87,0.197901,2
torch.dtype-astype,652,87,0.224559,2
torch.dtype-astype,653,87,0.483621,2
torch.dtype-astype,654,87,0.468745,2
torch.dtype-astype,655,87,0.224559,2
torch.dtype-astype,656,87,0.272529,2
torch.dtype-astype,657,87,0.484307,2
torch.dtype-astype,658,87,0.472698,2
torch.dtype-astype,659,87,0.389910,2
torch.dtype-astype,1483,87,0.049302,2
torch.dtype-astype,1484,87,0.070094,2
torch.dtype-astype,1485,87,0.060982,2
torch.dtype-astype,1486,87,0.078101,2
torch.dtype-astype,1487,87,0.220974,2
torch.dtype-astype,1488,87,0.240048,2
torch.dtype-astype,1489,87,0.143116,2
torch.dtype-astype,1490,87,0.138796,2
torch.dtype-astype,1491,87,0.371921,2
torch.dtype-astype,1492,87,0.142154,2
torch.dtype-astype,1493,87,0.179815,2
torch.dtype-astype,1494,87,0.198408,2
torch.dtype-astype,1496,87,0.161173,2
torch.dtype-astype,1497,87,0.179815,2
torch.dtype-astype,1498,87,0.290460,2
torch.dtype-astype,1499,87,0.266765,2
torch.dtype-astype,1500,87,0.354882,2
torch.elementwise-ops,43,1550,0.154104,2
torch.elementwise-ops,49,1550,0.085334,2
torch.elementwise-ops,63,1550,0.067293,2
torch.elementwise-ops,67,1550,0.078101,2
torch.elementwise-ops,192,1550,0.084721,2
torch.elementwise-ops,487,1550,0.031734,2
torch.elementwise-ops,488,1550,0.049302,2
torch.elementwise-ops,489,1550,0.083788,2
torch.elementwise-ops,630,1550,0.095884,2
torch.elementwise-ops,631,1550,0.117742,2
torch.elementwise-ops,632,1550,0.066957,2
torch.elementwise-ops,633,1550,0.168552,2
torch.elementwise-ops,634,1550,0.139520,2
torch.elementwise-ops,635,1550,0.211518,2
torch.elementwise-ops,636,1550,0.357978,2
torch.elementwise-ops,637,1550,0.205072,2
torch.elementwise-ops,638,1550,0.494302,2
torch.elementwise-ops,1545,1550,0.063707,2
torch.elementwise-ops,1546,1550,0.226326,2
torch.elementwise-ops,1547,1550,0.056775,2
torch.elementwise-ops,1548,1550,0.150403,2
torch.elementwise-ops,1549,1550,0.353394,2
torch.elementwise-ops,1550,1550,0.500000,2
torch.linalg-basics,107,1575,0.081458,1
torch.linalg-basics,239,1575,0.060322,1
torch.linalg-basics,508,1575,0.038781,1
torch.linalg-basics,509,1575,0.073605,1
torch.linalg-basics,510,1575,0.042541,1
torch.linalg-basics,511,1575,0.053032,1
torch.linalg-basics,512,1575,0.212871,1
torch.linalg-basics,513,1575,0.089498,1
torch.linalg-basics,1521,1575,0.121388,1
torch.linalg-basics,1522,1575,0.220574,1
torch.linalg-basics,1523,1575,0.223708,1
torch.linalg-basics,1571,1575,0.060322,1
torch.linalg-basics,1572,1575,0.046028,1
torch.linalg-basics,1573,1575,0.049302,1
torch.linalg-basics,1574,1575,0.081800,1
torch.linalg-basics,1575,1575,0.500000,1
torch.linalg-basics,1662,1575,0.153338,1
torch.linalg-basics,1663,1575,0.197031,1
torch.linalg-basics,1664,1575,0.211653,1
torch.linalg-basics,1665,1575,0.163468,1
torch.linalg-basics,1722,1575,0.042541,1
torch.linalg-basics,1723,1575,0.083788,1
torch.linalg-basics,1724,1575,0.081575,1
torch.linalg-basics,1725,1575,0.176466,1
torch.linalg-basics,1726,1575,0.130392,1
torch.linalg-basics,1727,1575,0.207587,1
torch.out-argument,798,807,0.063707,2
torch.out-argument,799,807,0.053032,2
torch.out-argument,800,807,0.114023,2
torch.out-argument,801,807,0.153338,2
torch.out-argument,802,807,0.277027,2
torch.out-argument,803,807,0.149501,2
torch.out-argument,804,807,0.102325,2
torch.out-argument,805,807,0.183685,2
torch.out-argument,806,807,0.223048,2
torch.out-argument,807,807,0.500000,2
torch.out-argument,808,807,0.444545,2
torch.out-argument,1598,807,0.063364,2
torch.out-argument,1599,807,0.091991,2
torch.out-argument,1600,807,0.260022,2
torch.out-argument,1674,807,0.365307,2
torch.out-argument,1675,807,0.145496,2
torch.out-argument,1676,807,0.468745,2
torch.out-argument,1677,807,0.159940,2
torch.random-samplers,42,685,0.079427,1
torch.random-samplers,676,685,0.060322,1
torch.random-samplers,677,685,0.153445,1
torch.random-samplers,678,685,0.091991,1
torch.random-samplers,679,685,0.088972,1
torch.random-samplers,680,685,0.286306,1
torch.random-samplers,681,685,0.146656,1
torch.random-samplers,682,685,0.095884,1
torch.random-samplers,683,685,0.106327,1
torch.random-samplers,684,685,0.271520,1
torch.random-samplers,685,685,0.500000,1
torch.random-samplers,686,685,0.184826,1
torch.random-seeding,694,706,0.128421,1
torch.random-seeding,696,706,0.099662,1
torch.random-seeding,697,706,0.201029,1
torch.random-seeding,698,706,0.128496,1
torch.random-seeding,699,706,0.146669,1
torch.random-seeding,700,706,0.179579,1
torch.random-seeding,701,706,0.190342,1
torch.random-seeding,702,706,0.116694,1
torch.random-seeding,703,706,0.146656,1
torch.random-seeding,704,706,0.494813,1
torch.random-seeding,705,706,0.473600,1
torch.random-seeding,706,706,0.500000,1
torch.random-threading,8,707,0.063364,2
torch.random-threading,104,707,0.160552,2
torch.random-threading,687,707,0.042541,2
torch.random-threading,688,707,0.063364,2
torch.random-threading,689,707,0.034835,2
torch.random-threading,690,707,0.067293,2
torch.random-threading,691,707,0.042541,2
torch.random-threading,692,707,0.073605,2
torch.random-threading,693,707,0.190941,2
torch.random-threading,695,707,0.247842,2
torch.random-threading,707,707,0.500000,2
torch.ranges,53,214,0.128421,4
torch.ranges,214,214,0.500000,4
torch.ranges,229,214,0.145496,4
torch.ranges,242,214,0.376643,4
torch.ranges,524,214,0.271520,4
torch.ranges,959,214,0.153445,4
torch.ranges,960,214,0.249303,4
torch.ranges,961,214,0.164969,4
torch.ranges,962,214,0.484161,4
torch.ranges,963,214,0.236177,4
torch.ranges,964,214,0.193001,4
torch.ranges,965,214,0.203492,4
torch.ranges,966,214,0.198106,4
torch.ranges,967,214,0.150403,4
torch.ranges,968,214,0.688579,4
torch.ranges,969,214,0.320377,4
torch.ranges,970,214,0.175734,4
torch.ranges,972,214,0.463953,4
torch.ranges,973,214,0.342894,4
torch.ranges,1563,214,0.110222,4
torch.ranges,1564,214,0.293436,4
torch.ranges,1565,214,0.365307,4
torch.ranges,1566,214,0.411714,4
torch.reshape-flatten,23,1362,0.269532,1
torch.reshape-flatten,36,1362,0.114905,1
torch.reshape-flatten,46,1362,0.161972,1
torch.reshape-flatten,490,1362,0.079427,1
torch.reshape-flatten,491,1362,0.069336,1
torch.reshape-flatten,492,1362,0.109601,1
torch.reshape-flatten,493,1362,0.098200,1
torch.reshape-flatten,494,1362,0.274746,1
torch.reshape-flatten,619,1362,0.079427,1
torch.reshape-flatten,620,1362,0.089498,1
torch.reshape-flatten,621,1362,0.243296,1
torch.reshape-flatten,622,1362,0.164939,1
torch.reshape-flatten,623,1362,0.124225,1
torch.reshape-flatten,624,1362,0.174492,1
torch.reshape-flatten,625,1362,0.154934,1
torch.reshape-flatten,626,1362,0.198297,1
torch.reshape-flatten,627,1362,0.339929,1
torch.reshape-flatten,628,1362,0.344983,1
torch.reshape-flatten,629,1362,0.264728,1
torch.reshape-flatten,1333,1362,0.159747,1
torch.reshape-flatten,1334,1362,0.049042,1
torch.reshape-flatten,1335,1362,0.063364,1
torch.reshape-flatten,1336,1362,0.069336,1
torch.reshape-flatten,1337,1362,0.028334,1
torch.reshape-flatten,1338,1362,0.050000,1
torch.reshape-flatten,1339,1362,0.104895,1
torch.reshape-flatten,1340,1362,0.093932,1
torch.reshape-flatten,1341,1362,0.085334,1
torch.reshape-flatten,1342,1362,0.109601,1
torch.reshape-flatten,1343,1362,0.124225,1
torch.reshape-flatten,1344,1362,0.059214,1
torch.reshape-flatten,1345,1362,0.059214,1
torch.reshape-flatten,1346,1362,0.149725,1
torch.reshape-flatten,1347,1362,0.084866,1
torch.reshape-flatten,1348,1362,0.093932,1
torch.reshape-flatten,1349,1362,0.049042,1
torch.reshape-flatten,1350,1362,0.100000,1
torch.reshape-flatten,1351,1362,0.224645,1
torch.reshape-flatten,1352,1362,0.169766,1
torch.reshape-flatten,1354,1362,0.098200,1
torch.reshape-flatten,1355,1362,0.093932,1
torch.reshape-flatten,1356,1362,0.179783,1
torch.reshape-flatten,1357,1362,0.176466,1
torch.reshape-flatten,1358,1362,0.339632,1
torch.reshape-flatten,1359,1362,0.133024,1
torch.reshape-flatten,1360,1362,0.213939,1
torch.reshape-flatten,1361,1362,0.329305,1
torch.reshape-flatten,1362,1362,0.500000,1
torch.slice-assignment,809,1679,0.038781,3
torch.slice-assignment,810,1679,0.064821,3
torch.slice-assignment,811,1679,0.059214,3
torch.slice-assignment,812,1679,0.063364,3
torch.slice-assignment,813,1679,0.100000,3
torch.slice-assignment,814,1679,0.143192,3
torch.slice-assignment,815,1679,0.373364,3
torch.slice-assignment,816,1679,0.064821,3
torch.slice-assignment,817,1679,0.178028,3
torch.slice-assignment,818,1679,0.099554,3
torch.slice-assignment,819,1679,0.344570,3
torch.slice-assignment,1601,1679,0.049042,3
torch.slice-assignment,1602,1679,0.104895,3
torch.slice-assignment,1603,1679,0.176466,3
torch.slice-assignment,1678,1679,0.347584,3
torch.slice-assignment,1679,1679,0.500000,3
torch.slice-assignment,1680,1679,0.349027,3
torch.slice-assignment,1681,1679,0.213939,3
torch.slicing-views,74,1655,0.135078,2
torch.slicing-views,75,1655,0.091991,2
torch.slicing-views,76,1655,0.116694,2
torch.slicing-views,189,1655,0.201954,2
torch.slicing-views,231,1655,0.063364,2
torch.slicing-views,233,1655,0.108390,2
torch.slicing-views,506,1655,0.024508,2
torch.slicing-views,507,1655,0.089498,2
torch.slicing-views,1501,1655,0.028334,2
torch.slicing-views,1502,1655,0.031734,2
torch.slicing-views,1503,1655,0.038781,2
torch.slicing-views,1504,1655,0.056775,2
torch.slicing-views,1505,1655,0.120688,2
torch.slicing-views,1506,1655,0.198408,2
torch.slicing-views,1507,1655,0.197031,2
torch.slicing-views,1586,1655,0.042541,2
torch.slicing-views,1587,1655,0.038781,2
torch.slicing-views,1588,1655,0.031734,2
torch.slicing-views,1589,1655,0.081575,2
torch.slicing-views,1654,1655,0.091991,2
torch.slicing-views,1655,1655,0.500000,2
torch.slicing-views,1656,1655,0.187179,2
torch.slicing-views,1657,1655,0.095884,2
torch.sorting,58,522,0.201263,1
torch.sorting,516,522,0.139520,1
torch.sorting,517,522,0.142857,1
torch.sorting,518,522,0.201029,1
torch.sorting,519,522,0.285047,1
torch.sorting,520,522,0.369464,1
torch.sorting,521,522,0.366322,1
torch.sorting,522,522,0.500000,1
torch.sorting,660,522,0.217188,1
torch.sorting,661,522,0.217449,1
torch.sorting,662,522,0.323404,1
torch.sorting,663,522,0.230410,1
torch.sorting,664,522,0.154104,1
torch.sorting,665,522,0.213397,1
torch.sorting,666,522,0.464256,1
torch.sorting,667,522,0.373725,1
torch.sorting,668,522,0.201954,1
torch.sorting,1650,522,0.095949,1
torch.sorting,1651,522,0.105841,1
torch.sorting,1652,522,0.469930,1
torch.stack-concat-interleave,84,982,0.083788,2
torch.stack-concat-interleave,89,982,0.223048,2
torch.stack-concat-interleave,146,982,0.439385,2
torch.stack-concat-interleave,159,982,0.287566,2
torch.stack-concat-interleave,238,982,0.104048,2
torch.stack-concat-interleave,974,982,0.053032,2
torch.stack-concat-interleave,975,982,0.064821,2
torch.stack-concat-interleave,976,982,0.170327,2
torch.stack-concat-interleave,977,982,0.119639,2
torch.stack-concat-interleave,978,982,0.178028,2
torch.stack-concat-interleave,980,982,0.127002,2
torch.stack-concat-interleave,981,982,0.159747,2
torch.stack-concat-interleave,982,982,0.500000,2
torch.stack-concat-interleave,983,982,0.144928,2
torch.stack-concat-interleave,1581,982,0.063364,2
torch.stack-concat-interleave,1582,982,0.151714,2
torch.stack-concat-interleave,1583,982,0.148895,2
torch.stack-concat-interleave,1584,982,0.194562,2
torch.stack-concat-interleave,1666,982,0.357775,2
torch.stack-concat-interleave,1667,982,0.208414,2
torch.stack-concat-interleave,1668,982,0.282837,2
torch.stack-concat-interleave,1669,982,0.153338,2
torch.tensor-model,224,567,0.103341,4
torch.tensor-model,480,567,0.372155,4
torch.tensor-model,481,567,0.092506,4
torch.tensor-model,482,567,0.208945,4
torch.tensor-model,483,567,0.114023,4
torch.tensor-model,484,567,0.201954,4
torch.tensor-model,485,567,0.278041,4
torch.tensor-model,486,567,0.310412,4
torch.tensor-model,532,567,0.117742,4
torch.tensor-model,533,567,0.141420,4
torch.tensor-model,534,567,0.232745,4
torch.tensor-model,537,567,0.135877,4
torch.tensor-model,538,567,0.124971,4
torch.tensor-model,539,567,0.243533,4
torch.tensor-model,540,567,0.164969,4
torch.tensor-model,541,567,0.081458,4
torch.tensor-model,542,567,0.067293,4
torch.tensor-model,543,567,0.108390,4
torch.tensor-model,544,567,0.114023,4
torch.tensor-model,545,567,0.190342,4
torch.tensor-model,546,567,0.124594,4
torch.tensor-model,547,567,0.157765,4
torch.tensor-model,548,567,0.121388,4
torch.tensor-model,549,567,0.417923,4
torch.tensor-model,550,567,0.272529,4
torch.tensor-model,551,567,0.278041,4
torch.tensor-model,554,567,0.190850,4
torch.tensor-model,555,567,0.186108,4
torch.tensor-model,556,567,0.247449,4
torch.tensor-model,557,567,0.234476,4
torch.tensor-model,559,567,0.176146,4
torch.tensor-model,560,567,0.150184,4
torch.tensor-model,562,567,0.353394,4
torch.tensor-model,563,567,0.220974,4
torch.tensor-model,564,567,0.246606,4
torch.tensor-model,566,567,0.307097,4
torch.tensor-model,567,567,0.500000,4
torch.tensor-model,1551,567,0.223708,4
torch.tensor-model,1552,567,0.337858,4
torch.tensor-model,1553,567,0.350610,4
torch.tensor-model,1554,567,0.410950,4
torch.transpose-axes,552,675,0.076092,2
torch.transpose-axes,558,675,0.092610,2
torch.transpose-axes,610,675,0.060982,2
torch.transpose-axes,611,675,0.084568,2
torch.transpose-axes,612,675,0.146669,2
torch.transpose-axes,613,675,0.074313,2
torch.transpose-axes,614,675,0.259069,2
torch.transpose-axes,615,675,0.224264,2
torch.transpose-axes,669,675,0.070094,2
torch.transpose-axes,670,675,0.127174,2
torch.transpose-axes,671,675,0.111414,2
torch.transpose-axes,672,675,0.150403,2
torch.transpose-axes,673,675,0.157765,2
torch.transpose-axes,674,675,0.097054,2
torch.transpose-axes,675,675,0.500000,2
torch.transpose-axes,1590,675,0.145496,2
torch.transpose-axes,1591,675,0.073135,2
torch.transpose-axes,1592,675,0.255201,2
torch.views-and-copies,523,523,0.500000,3
torch.views-and-copies,535,523,0.205312,3
torch.views-and-copies,536,523,0.171852,3
torch.views-and-copies,553,523,0.202119,3
torch.views-and-copies,561,523,0.117742,3
torch.views-and-copies,565,523,0.528501,3
torch.views-and-copies,616,523,0.150403,3
torch.views-and-copies,617,523,0.261616,3
torch.views-and-copies,618,523,0.235624,3
torch.views-and-copies,1524,523,0.301019,3
torch.views-and-copies,1525,523,0.337004,3
torch.views-and-copies,1593,523,0.127002,3
torch.views-and-copies,1594,523,0.291278,3
torch.views-and-copies,1595,523,0.207587,3
torch.views-and-copies,1596,523,0.192590,3
torch.views-and-copies,1597,523,0.409140,3
